regime,family,dtype,m,n,batch,row,threads,total_ms,per_item_us,status,note
small,lu_factor,f64,4,4,1,faer-1lane,8,0.000351,0.351000,ok,
small,lu_factor,f64,4,4,1,faer-pool,8,0.003186,3.186000,ok,
small,lu_factor,f64,4,4,1,lapack-openblas,8,0.000170,0.170000,ok,
small,lu_factor,f64,4,4,64,faer-1lane,8,0.008626,0.134781,ok,
small,lu_factor,f64,4,4,64,faer-pool,8,0.004699,0.073422,ok,
small,lu_factor,f64,4,4,64,lapack-openblas,8,0.008165,0.127578,ok,
small,lu_factor,f64,4,4,1024,faer-1lane,8,0.132056,0.128961,ok,
small,lu_factor,f64,4,4,1024,faer-pool,8,0.037971,0.037081,ok,
small,lu_factor,f64,4,4,1024,lapack-openblas,8,0.130152,0.127102,ok,
small,lu_factor,f64,8,8,1,faer-1lane,8,0.000571,0.571000,ok,
small,lu_factor,f64,8,8,1,faer-pool,8,0.003807,3.807000,ok,
small,lu_factor,f64,8,8,1,lapack-openblas,8,0.000381,0.381000,ok,
small,lu_factor,f64,8,8,64,faer-1lane,8,0.021781,0.340328,ok,
small,lu_factor,f64,8,8,64,faer-pool,8,0.011170,0.174531,ok,
small,lu_factor,f64,8,8,64,lapack-openblas,8,0.021460,0.335313,ok,
small,lu_factor,f64,8,8,1024,faer-1lane,8,0.351273,0.343040,ok,
small,lu_factor,f64,8,8,1024,faer-pool,8,0.054361,0.053087,ok,
small,lu_factor,f64,8,8,1024,lapack-openblas,8,0.339702,0.331740,ok,
small,lu_factor,f64,16,16,1,faer-1lane,8,0.001332,1.332000,ok,
small,lu_factor,f64,16,16,1,faer-pool,8,0.004358,4.358000,ok,
small,lu_factor,f64,16,16,1,lapack-openblas,8,0.001132,1.132000,ok,
small,lu_factor,f64,16,16,64,faer-1lane,8,0.067445,1.053828,ok,
small,lu_factor,f64,16,16,64,faer-pool,8,0.020899,0.326547,ok,
small,lu_factor,f64,16,16,64,lapack-openblas,8,0.066724,1.042562,ok,
small,lu_factor,f64,16,16,1024,faer-1lane,8,1.084666,1.059244,ok,
small,lu_factor,f64,16,16,1024,faer-pool,8,0.282956,0.276324,ok,
small,lu_factor,f64,16,16,1024,lapack-openblas,8,1.082002,1.056643,ok,
small,lu_solve_prepared,f64,4,4,1,faer-1lane,8,0.000180,0.180000,ok,
small,lu_solve_prepared,f64,4,4,1,faer-pool,8,0.002405,2.405000,ok,
small,lu_solve_prepared,f64,4,4,1,lapack-openblas,8,0.000601,0.601000,ok,
small,lu_solve_prepared,f64,4,4,64,faer-1lane,8,0.002605,0.040703,ok,
small,lu_solve_prepared,f64,4,4,64,faer-pool,8,0.004208,0.065750,ok,
small,lu_solve_prepared,f64,4,4,64,lapack-openblas,8,0.037840,0.591250,ok,
small,lu_solve_prepared,f64,4,4,1024,faer-1lane,8,0.040065,0.039126,ok,
small,lu_solve_prepared,f64,4,4,1024,faer-pool,8,0.018254,0.017826,ok,
small,lu_solve_prepared,f64,4,4,1024,lapack-openblas,8,0.477457,0.466267,ok,
small,lu_solve_prepared,f64,8,8,1,faer-1lane,8,0.000271,0.271000,ok,
small,lu_solve_prepared,f64,8,8,1,faer-pool,8,0.002375,2.375000,ok,
small,lu_solve_prepared,f64,8,8,1,lapack-openblas,8,0.000711,0.711000,ok,
small,lu_solve_prepared,f64,8,8,64,faer-1lane,8,0.008686,0.135719,ok,
small,lu_solve_prepared,f64,8,8,64,faer-pool,8,0.005410,0.084531,ok,
small,lu_solve_prepared,f64,8,8,64,lapack-openblas,8,0.047479,0.741859,ok,
small,lu_solve_prepared,f64,8,8,1024,faer-1lane,8,0.136484,0.133285,ok,
small,lu_solve_prepared,f64,8,8,1024,faer-pool,8,0.033322,0.032541,ok,
small,lu_solve_prepared,f64,8,8,1024,lapack-openblas,8,0.760845,0.743013,ok,
small,lu_solve_prepared,f64,16,16,1,faer-1lane,8,0.000531,0.531000,ok,
small,lu_solve_prepared,f64,16,16,1,faer-pool,8,0.002755,2.755000,ok,
small,lu_solve_prepared,f64,16,16,1,lapack-openblas,8,0.000912,0.912000,ok,
small,lu_solve_prepared,f64,16,16,64,faer-1lane,8,0.022282,0.348156,ok,
small,lu_solve_prepared,f64,16,16,64,faer-pool,8,0.008907,0.139172,ok,
small,lu_solve_prepared,f64,16,16,64,lapack-openblas,8,0.059441,0.928766,ok,
small,lu_solve_prepared,f64,16,16,1024,faer-1lane,8,0.356803,0.348440,ok,
small,lu_solve_prepared,f64,16,16,1024,faer-pool,8,0.104084,0.101645,ok,
small,lu_solve_prepared,f64,16,16,1024,lapack-openblas,8,0.922505,0.900884,ok,
small,lu_factor_solve,f64,4,4,1,faer-1lane,8,0.000411,0.411000,ok,
small,lu_factor_solve,f64,4,4,1,faer-pool,8,0.004288,4.288000,ok,
small,lu_factor_solve,f64,4,4,1,lapack-openblas,8,0.000711,0.711000,ok,
small,lu_factor_solve,f64,4,4,64,faer-1lane,8,0.010790,0.168594,ok,
small,lu_factor_solve,f64,4,4,64,faer-pool,8,0.005791,0.090484,ok,
small,lu_factor_solve,f64,4,4,64,lapack-openblas,8,0.042038,0.656844,ok,
small,lu_factor_solve,f64,4,4,1024,faer-1lane,8,0.171229,0.167216,ok,
small,lu_factor_solve,f64,4,4,1024,faer-pool,8,0.048110,0.046982,ok,
small,lu_factor_solve,f64,4,4,1024,lapack-openblas,8,0.734185,0.716978,ok,
small,lu_factor_solve,f64,8,8,1,faer-1lane,8,0.000741,0.741000,ok,
small,lu_factor_solve,f64,8,8,1,faer-pool,8,0.003075,3.075000,ok,
small,lu_factor_solve,f64,8,8,1,lapack-openblas,8,0.001092,1.092000,ok,
small,lu_factor_solve,f64,8,8,64,faer-1lane,8,0.029975,0.468359,ok,
small,lu_factor_solve,f64,8,8,64,faer-pool,8,0.012684,0.198187,ok,
small,lu_factor_solve,f64,8,8,64,lapack-openblas,8,0.072786,1.137281,ok,
small,lu_factor_solve,f64,8,8,1024,faer-1lane,8,0.503406,0.491607,ok,
small,lu_factor_solve,f64,8,8,1024,faer-pool,8,0.133077,0.129958,ok,
small,lu_factor_solve,f64,8,8,1024,lapack-openblas,8,1.234355,1.205425,ok,
small,lu_factor_solve,f64,16,16,1,faer-1lane,8,0.001803,1.803000,ok,
small,lu_factor_solve,f64,16,16,1,faer-pool,8,0.005179,5.179000,ok,
small,lu_factor_solve,f64,16,16,1,lapack-openblas,8,0.002114,2.114000,ok,
small,lu_factor_solve,f64,16,16,64,faer-1lane,8,0.089426,1.397281,ok,
small,lu_factor_solve,f64,16,16,64,faer-pool,8,0.026880,0.420000,ok,
small,lu_factor_solve,f64,16,16,64,lapack-openblas,8,0.142866,2.232281,ok,
small,lu_factor_solve,f64,16,16,1024,faer-1lane,8,1.444927,1.411062,ok,
small,lu_factor_solve,f64,16,16,1024,faer-pool,8,0.366712,0.358117,ok,
small,lu_factor_solve,f64,16,16,1024,lapack-openblas,8,2.248040,2.195352,ok,
small,solve,f64,4,4,1,faer-1lane,8,0.000591,0.591000,ok,
small,solve,f64,4,4,1,faer-pool,8,0.003746,3.746000,ok,
small,solve,f64,4,4,1,lapack-openblas,8,0.000892,0.892000,ok,
small,solve,f64,4,4,64,faer-1lane,8,0.014136,0.220875,ok,
small,solve,f64,4,4,64,faer-pool,8,0.006713,0.104891,ok,
small,solve,f64,4,4,64,lapack-openblas,8,0.054892,0.857688,ok,
small,solve,f64,4,4,1024,faer-1lane,8,0.222184,0.216977,ok,
small,solve,f64,4,4,1024,faer-pool,8,0.039073,0.038157,ok,
small,solve,f64,4,4,1024,lapack-openblas,8,0.858697,0.838571,ok,
small,solve,f64,8,8,1,faer-1lane,8,0.000992,0.992000,ok,
small,solve,f64,8,8,1,faer-pool,8,0.004448,4.448000,ok,
small,solve,f64,8,8,1,lapack-openblas,8,0.001172,1.172000,ok,
small,solve,f64,8,8,64,faer-1lane,8,0.036629,0.572328,ok,
small,solve,f64,8,8,64,faer-pool,8,0.013194,0.206156,ok,
small,solve,f64,8,8,64,lapack-openblas,8,0.075640,1.181875,ok,
small,solve,f64,8,8,1024,faer-1lane,8,0.564098,0.550877,ok,
small,solve,f64,8,8,1024,faer-pool,8,0.146453,0.143021,ok,
small,solve,f64,8,8,1024,lapack-openblas,8,1.234285,1.205356,ok,
small,solve,f64,16,16,1,faer-1lane,8,0.002174,2.174000,ok,
small,solve,f64,16,16,1,faer-pool,8,0.004959,4.959000,ok,
small,solve,f64,16,16,1,lapack-openblas,8,0.002344,2.344000,ok,
small,solve,f64,16,16,64,faer-1lane,8,0.100086,1.563844,ok,
small,solve,f64,16,16,64,faer-pool,8,0.030587,0.477922,ok,
small,solve,f64,16,16,64,lapack-openblas,8,0.144769,2.262016,ok,
small,solve,f64,16,16,1024,faer-1lane,8,1.550684,1.514340,ok,
small,solve,f64,16,16,1024,faer-pool,8,0.224087,0.218835,ok,
small,solve,f64,16,16,1024,lapack-openblas,8,2.252478,2.199686,ok,
small,lu,f64,4,4,1,faer-1lane,8,0.000391,0.391000,ok,
small,lu,f64,4,4,1,faer-pool,8,0.002003,2.003000,ok,
small,lu,f64,4,4,1,lapack-openblas,8,0.000350,0.350000,ok,
small,lu,f64,4,4,64,faer-1lane,8,0.010970,0.171406,ok,
small,lu,f64,4,4,64,faer-pool,8,0.005881,0.091891,ok,
small,lu,f64,4,4,64,lapack-openblas,8,0.013094,0.204594,ok,
small,lu,f64,4,4,1024,faer-1lane,8,0.183671,0.179366,ok,
small,lu,f64,4,4,1024,faer-pool,8,0.029806,0.029107,ok,
small,lu,f64,4,4,1024,lapack-openblas,8,0.195483,0.190901,ok,
small,lu,f64,8,8,1,faer-1lane,8,0.000691,0.691000,ok,
small,lu,f64,8,8,1,faer-pool,8,0.003076,3.076000,ok,
small,lu,f64,8,8,1,lapack-openblas,8,0.000661,0.661000,ok,
small,lu,f64,8,8,64,faer-1lane,8,0.030116,0.470562,ok,
small,lu,f64,8,8,64,faer-pool,8,0.012673,0.198016,ok,
small,lu,f64,8,8,64,lapack-openblas,8,0.030026,0.469156,ok,
small,lu,f64,8,8,1024,faer-1lane,8,0.487586,0.476158,ok,
small,lu,f64,8,8,1024,faer-pool,8,0.126175,0.123218,ok,
small,lu,f64,8,8,1024,lapack-openblas,8,0.495952,0.484328,ok,
small,lu,f64,16,16,1,faer-1lane,8,0.001853,1.853000,ok,
small,lu,f64,16,16,1,faer-pool,8,0.005019,5.019000,ok,
small,lu,f64,16,16,1,lapack-openblas,8,0.001703,1.703000,ok,
small,lu,f64,16,16,64,faer-1lane,8,0.095267,1.488547,ok,
small,lu,f64,16,16,64,faer-pool,8,0.029385,0.459141,ok,
small,lu,f64,16,16,64,lapack-openblas,8,0.088985,1.390391,ok,
small,lu,f64,16,16,1024,faer-1lane,8,1.522621,1.486935,ok,
small,lu,f64,16,16,1024,faer-pool,8,0.225479,0.220194,ok,
small,lu,f64,16,16,1024,lapack-openblas,8,1.449275,1.415308,ok,
small,cholesky,f64,4,4,1,faer-1lane,8,0.000261,0.261000,ok,
small,cholesky,f64,4,4,1,faer-pool,8,0.002234,2.234000,ok,
small,cholesky,f64,4,4,1,lapack-openblas,8,0.000251,0.251000,ok,
small,cholesky,f64,4,4,64,faer-1lane,8,0.007153,0.111766,ok,
small,cholesky,f64,4,4,64,faer-pool,8,0.004739,0.074047,ok,
small,cholesky,f64,4,4,64,lapack-openblas,8,0.008185,0.127891,ok,
small,cholesky,f64,4,4,1024,faer-1lane,8,0.112419,0.109784,ok,
small,cholesky,f64,4,4,1024,faer-pool,8,0.031228,0.030496,ok,
small,cholesky,f64,4,4,1024,lapack-openblas,8,0.129241,0.126212,ok,
small,cholesky,f64,8,8,1,faer-1lane,8,0.000411,0.411000,ok,
small,cholesky,f64,8,8,1,faer-pool,8,0.002104,2.104000,ok,
small,cholesky,f64,8,8,1,lapack-openblas,8,0.000370,0.370000,ok,
small,cholesky,f64,8,8,64,faer-1lane,8,0.015449,0.241391,ok,
small,cholesky,f64,8,8,64,faer-pool,8,0.006282,0.098156,ok,
small,cholesky,f64,8,8,64,lapack-openblas,8,0.015399,0.240609,ok,
small,cholesky,f64,8,8,1024,faer-1lane,8,0.239265,0.233657,ok,
small,cholesky,f64,8,8,1024,faer-pool,8,0.035907,0.035065,ok,
small,cholesky,f64,8,8,1024,lapack-openblas,8,0.251317,0.245427,ok,
small,cholesky,f64,16,16,1,faer-1lane,8,0.000841,0.841000,ok,
small,cholesky,f64,16,16,1,faer-pool,8,0.003446,3.446000,ok,
small,cholesky,f64,16,16,1,lapack-openblas,8,0.000752,0.752000,ok,
small,cholesky,f64,16,16,64,faer-1lane,8,0.039573,0.618328,ok,
small,cholesky,f64,16,16,64,faer-pool,8,0.013716,0.214313,ok,
small,cholesky,f64,16,16,64,lapack-openblas,8,0.039594,0.618656,ok,
small,cholesky,f64,16,16,1024,faer-1lane,8,0.640060,0.625059,ok,
small,cholesky,f64,16,16,1024,faer-pool,8,0.087092,0.085051,ok,
small,cholesky,f64,16,16,1024,lapack-openblas,8,0.643767,0.628679,ok,
small,triangular_solve,f64,4,4,1,faer-1lane,8,0.000210,0.210000,ok,
small,triangular_solve,f64,4,4,1,faer-pool,8,0.002384,2.384000,ok,
small,triangular_solve,f64,4,4,1,lapack-openblas,8,0.000601,0.601000,ok,
small,triangular_solve,f64,4,4,64,faer-1lane,8,0.003486,0.054469,ok,
small,triangular_solve,f64,4,4,64,faer-pool,8,0.003125,0.048828,ok,
small,triangular_solve,f64,4,4,64,lapack-openblas,8,0.027592,0.431125,ok,
small,triangular_solve,f64,4,4,1024,faer-1lane,8,0.052107,0.050886,ok,
small,triangular_solve,f64,4,4,1024,faer-pool,8,0.016742,0.016350,ok,
small,triangular_solve,f64,4,4,1024,lapack-openblas,8,0.433727,0.423562,ok,
small,triangular_solve,f64,8,8,1,faer-1lane,8,0.000290,0.290000,ok,
small,triangular_solve,f64,8,8,1,faer-pool,8,0.003135,3.135000,ok,
small,triangular_solve,f64,8,8,1,lapack-openblas,8,0.000591,0.591000,ok,
small,triangular_solve,f64,8,8,64,faer-1lane,8,0.008216,0.128375,ok,
small,triangular_solve,f64,8,8,64,faer-pool,8,0.004288,0.067000,ok,
small,triangular_solve,f64,8,8,64,lapack-openblas,8,0.032911,0.514234,ok,
small,triangular_solve,f64,8,8,1024,faer-1lane,8,0.130683,0.127620,ok,
small,triangular_solve,f64,8,8,1024,faer-pool,8,0.036598,0.035740,ok,
small,triangular_solve,f64,8,8,1024,lapack-openblas,8,0.594105,0.580181,ok,
small,triangular_solve,f64,16,16,1,faer-1lane,8,0.000451,0.451000,ok,
small,triangular_solve,f64,16,16,1,faer-pool,8,0.003707,3.707000,ok,
small,triangular_solve,f64,16,16,1,lapack-openblas,8,0.000681,0.681000,ok,
small,triangular_solve,f64,16,16,64,faer-1lane,8,0.018475,0.288672,ok,
small,triangular_solve,f64,16,16,64,faer-pool,8,0.007735,0.120859,ok,
small,triangular_solve,f64,16,16,64,lapack-openblas,8,0.038451,0.600797,ok,
small,triangular_solve,f64,16,16,1024,faer-1lane,8,0.300960,0.293906,ok,
small,triangular_solve,f64,16,16,1024,faer-pool,8,0.082202,0.080275,ok,
small,triangular_solve,f64,16,16,1024,lapack-openblas,8,0.705843,0.689300,ok,
small,svd_values,f64,4,4,1,faer-1lane,8,0.002505,2.505000,ok,
small,svd_values,f64,4,4,1,faer-pool,8,0.005630,5.630000,ok,
small,svd_values,f64,4,4,1,lapack-openblas,8,0.003036,3.036000,ok,
small,svd_values,f64,4,4,64,faer-1lane,8,0.134741,2.105328,ok,
small,svd_values,f64,4,4,64,faer-pool,8,0.052678,0.823094,ok,
small,svd_values,f64,4,4,64,lapack-openblas,8,0.148637,2.322453,ok,
small,svd_values,f64,4,4,1024,faer-1lane,8,2.147964,2.097621,ok,
small,svd_values,f64,4,4,1024,faer-pool,8,0.756196,0.738473,ok,
small,svd_values,f64,4,4,1024,lapack-openblas,8,2.349368,2.294305,ok,
small,svd_values,f64,8,8,1,faer-1lane,8,0.007715,7.715000,ok,
small,svd_values,f64,8,8,1,faer-pool,8,0.010750,10.750000,ok,
small,svd_values,f64,8,8,1,lapack-openblas,8,0.006662,6.662000,ok,
small,svd_values,f64,8,8,64,faer-1lane,8,0.473921,7.405016,ok,
small,svd_values,f64,8,8,64,faer-pool,8,0.175316,2.739313,ok,
small,svd_values,f64,8,8,64,lapack-openblas,8,0.388493,6.070203,ok,
small,svd_values,f64,8,8,1024,faer-1lane,8,7.562943,7.385687,ok,
small,svd_values,f64,8,8,1024,faer-pool,8,1.953813,1.908021,ok,
small,svd_values,f64,8,8,1024,lapack-openblas,8,6.155647,6.011374,ok,
small,svd_values,f64,16,16,1,faer-1lane,8,0.026870,26.870000,ok,
small,svd_values,f64,16,16,1,faer-pool,8,0.030026,30.026000,ok,
small,svd_values,f64,16,16,1,lapack-openblas,8,0.017964,17.964000,ok,
small,svd_values,f64,16,16,64,faer-1lane,8,1.692347,26.442922,ok,
small,svd_values,f64,16,16,64,faer-pool,8,0.585689,9.151391,ok,
small,svd_values,f64,16,16,64,lapack-openblas,8,1.102299,17.223422,ok,
small,svd_values,f64,16,16,1024,faer-1lane,8,28.108839,27.450038,ok,
small,svd_values,f64,16,16,1024,faer-pool,8,6.948711,6.785851,ok,
small,svd_values,f64,16,16,1024,lapack-openblas,8,18.425584,17.993734,ok,
small,qr,f64,4,4,1,faer-1lane,8,0.000831,0.831000,ok,
small,qr,f64,4,4,1,faer-pool,8,0.004228,4.228000,ok,
small,qr,f64,4,4,1,lapack-openblas,8,0.000861,0.861000,ok,
small,qr,f64,4,4,64,faer-1lane,8,0.029986,0.468531,ok,
small,qr,f64,4,4,64,faer-pool,8,0.012193,0.190516,ok,
small,qr,f64,4,4,64,lapack-openblas,8,0.037319,0.583109,ok,
small,qr,f64,4,4,1024,faer-1lane,8,0.471918,0.460857,ok,
small,qr,f64,4,4,1024,faer-pool,8,0.071072,0.069406,ok,
small,qr,f64,4,4,1024,lapack-openblas,8,0.588845,0.575044,ok,
small,qr,f64,8,8,1,faer-1lane,8,0.001653,1.653000,ok,
small,qr,f64,8,8,1,faer-pool,8,0.004788,4.788000,ok,
small,qr,f64,8,8,1,lapack-openblas,8,0.001904,1.904000,ok,
small,qr,f64,8,8,64,faer-1lane,8,0.087823,1.372234,ok,
small,qr,f64,8,8,64,faer-pool,8,0.019707,0.307922,ok,
small,qr,f64,8,8,64,lapack-openblas,8,0.099625,1.556641,ok,
small,qr,f64,8,8,1024,faer-1lane,8,1.376871,1.344601,ok,
small,qr,f64,8,8,1024,faer-pool,8,0.351954,0.343705,ok,
small,qr,f64,8,8,1024,lapack-openblas,8,1.586420,1.549238,ok,
small,qr,f64,16,16,1,faer-1lane,8,0.005320,5.320000,ok,
small,qr,f64,16,16,1,faer-pool,8,0.008476,8.476000,ok,
small,qr,f64,16,16,1,lapack-openblas,8,0.004929,4.929000,ok,
small,qr,f64,16,16,64,faer-1lane,8,0.313473,4.898016,ok,
small,qr,f64,16,16,64,faer-pool,8,0.083706,1.307906,ok,
small,qr,f64,16,16,64,lapack-openblas,8,0.293286,4.582594,ok,
small,qr,f64,16,16,1024,faer-1lane,8,4.881818,4.767400,ok,
small,qr,f64,16,16,1024,faer-pool,8,1.240847,1.211765,ok,
small,qr,f64,16,16,1024,lapack-openblas,8,4.696583,4.586507,ok,
small,rank_revealing_qr,f64,4,4,1,faer-1lane,8,0.001133,1.133000,ok,
small,rank_revealing_qr,f64,4,4,1,faer-pool,8,0.004719,4.719000,ok,
small,rank_revealing_qr,f64,4,4,1,lapack-openblas,8,0.001132,1.132000,ok,
small,rank_revealing_qr,f64,4,4,64,faer-1lane,8,0.046276,0.723063,ok,
small,rank_revealing_qr,f64,4,4,64,faer-pool,8,0.014557,0.227453,ok,
small,rank_revealing_qr,f64,4,4,64,lapack-openblas,8,0.043952,0.686750,ok,
small,rank_revealing_qr,f64,4,4,1024,faer-1lane,8,0.738383,0.721077,ok,
small,rank_revealing_qr,f64,4,4,1024,faer-pool,8,0.097331,0.095050,ok,
small,rank_revealing_qr,f64,4,4,1024,lapack-openblas,8,0.698549,0.682177,ok,
small,rank_revealing_qr,f64,8,8,1,faer-1lane,8,0.002214,2.214000,ok,
small,rank_revealing_qr,f64,8,8,1,faer-pool,8,0.005149,5.149000,ok,
small,rank_revealing_qr,f64,8,8,1,lapack-openblas,8,0.002214,2.214000,ok,
small,rank_revealing_qr,f64,8,8,64,faer-1lane,8,0.120263,1.879109,ok,
small,rank_revealing_qr,f64,8,8,64,faer-pool,8,0.023764,0.371312,ok,
small,rank_revealing_qr,f64,8,8,64,lapack-openblas,8,0.114403,1.787547,ok,
small,rank_revealing_qr,f64,8,8,1024,faer-1lane,8,1.867943,1.824163,ok,
small,rank_revealing_qr,f64,8,8,1024,faer-pool,8,0.266456,0.260211,ok,
small,rank_revealing_qr,f64,8,8,1024,lapack-openblas,8,1.812961,1.770470,ok,
small,rank_revealing_qr,f64,16,16,1,faer-1lane,8,0.006212,6.212000,ok,
small,rank_revealing_qr,f64,16,16,1,faer-pool,8,0.015769,15.769000,ok,
small,rank_revealing_qr,f64,16,16,1,lapack-openblas,8,0.005911,5.911000,ok,
small,rank_revealing_qr,f64,16,16,64,faer-1lane,8,0.360690,5.635781,ok,
small,rank_revealing_qr,f64,16,16,64,faer-pool,8,0.051556,0.805562,ok,
small,rank_revealing_qr,f64,16,16,64,lapack-openblas,8,0.348037,5.438078,ok,
small,rank_revealing_qr,f64,16,16,1024,faer-1lane,8,5.783384,5.647836,ok,
small,rank_revealing_qr,f64,16,16,1024,faer-pool,8,0.770343,0.752288,ok,
small,rank_revealing_qr,f64,16,16,1024,lapack-openblas,8,5.625391,5.493546,ok,
small,svd_thin,f64,4,4,1,faer-1lane,8,0.002805,2.805000,ok,
small,svd_thin,f64,4,4,1,faer-pool,8,0.005831,5.831000,ok,
small,svd_thin,f64,4,4,1,lapack-openblas,8,0.004849,4.849000,ok,
small,svd_thin,f64,4,4,64,faer-1lane,8,0.158816,2.481500,ok,
small,svd_thin,f64,4,4,64,faer-pool,8,0.044854,0.700844,ok,
small,svd_thin,f64,4,4,64,lapack-openblas,8,0.258982,4.046594,ok,
small,svd_thin,f64,4,4,1024,faer-1lane,8,2.549130,2.489385,ok,
small,svd_thin,f64,4,4,1024,faer-pool,8,0.643136,0.628063,ok,
small,svd_thin,f64,4,4,1024,lapack-openblas,8,4.103651,4.007472,ok,
small,svd_thin,f64,8,8,1,faer-1lane,8,0.009027,9.027000,ok,
small,svd_thin,f64,8,8,1,faer-pool,8,0.011572,11.572000,ok,
small,svd_thin,f64,8,8,1,lapack-openblas,8,0.013586,13.586000,ok,
small,svd_thin,f64,8,8,64,faer-1lane,8,0.571883,8.935672,ok,
small,svd_thin,f64,8,8,64,faer-pool,8,0.080570,1.258906,ok,
small,svd_thin,f64,8,8,64,lapack-openblas,8,0.849880,13.279375,ok,
small,svd_thin,f64,8,8,1024,faer-1lane,8,9.260331,9.043292,ok,
small,svd_thin,f64,8,8,1024,faer-pool,8,1.169024,1.141625,ok,
small,svd_thin,f64,8,8,1024,lapack-openblas,8,13.632661,13.313146,ok,
small,svd_thin,f64,16,16,1,faer-1lane,8,0.033843,33.843000,ok,
small,svd_thin,f64,16,16,1,faer-pool,8,0.035887,35.887000,ok,
small,svd_thin,f64,16,16,1,lapack-openblas,8,0.051546,51.546000,ok,
small,svd_thin,f64,16,16,64,faer-1lane,8,2.135681,33.370016,ok,
small,svd_thin,f64,16,16,64,faer-pool,8,0.530397,8.287453,ok,
small,svd_thin,f64,16,16,64,lapack-openblas,8,3.193519,49.898734,ok,
small,svd_thin,f64,16,16,1024,faer-1lane,8,33.954753,33.158938,ok,
small,svd_thin,f64,16,16,1024,faer-pool,8,7.562063,7.384827,ok,
small,svd_thin,f64,16,16,1024,lapack-openblas,8,54.284789,53.012489,ok,
small,eigh,f64,4,4,1,faer-1lane,8,0.001693,1.693000,ok,
small,eigh,f64,4,4,1,faer-pool,8,0.004679,4.679000,ok,
small,eigh,f64,4,4,1,lapack-openblas,8,0.002024,2.024000,ok,
small,eigh,f64,4,4,64,faer-1lane,8,0.092902,1.451594,ok,
small,eigh,f64,4,4,64,faer-pool,8,0.027190,0.424844,ok,
small,eigh,f64,4,4,64,lapack-openblas,8,0.112359,1.755609,ok,
small,eigh,f64,4,4,1024,faer-1lane,8,1.471537,1.437048,ok,
small,eigh,f64,4,4,1024,faer-pool,8,0.372623,0.363890,ok,
small,eigh,f64,4,4,1024,lapack-openblas,8,1.798565,1.756411,ok,
small,eigh,f64,8,8,1,faer-1lane,8,0.005249,5.249000,ok,
small,eigh,f64,8,8,1,faer-pool,8,0.008175,8.175000,ok,
small,eigh,f64,8,8,1,lapack-openblas,8,0.006542,6.542000,ok,
small,eigh,f64,8,8,64,faer-1lane,8,0.315697,4.932766,ok,
small,eigh,f64,8,8,64,faer-pool,8,0.085308,1.332938,ok,
small,eigh,f64,8,8,64,lapack-openblas,8,0.406145,6.346016,ok,
small,eigh,f64,8,8,1024,faer-1lane,8,5.105725,4.986060,ok,
small,eigh,f64,8,8,1024,faer-pool,8,0.656360,0.640977,ok,
small,eigh,f64,8,8,1024,lapack-openblas,8,6.501551,6.349171,ok,
small,eigh,f64,16,16,1,faer-1lane,8,0.017803,17.803000,ok,
small,eigh,f64,16,16,1,faer-pool,8,0.020649,20.649000,ok,
small,eigh,f64,16,16,1,lapack-openblas,8,0.023363,23.363000,ok,
small,eigh,f64,16,16,64,faer-1lane,8,1.109614,17.337719,ok,
small,eigh,f64,16,16,64,faer-pool,8,0.283959,4.436859,ok,
small,eigh,f64,16,16,64,lapack-openblas,8,1.523954,23.811781,ok,
small,eigh,f64,16,16,1024,faer-1lane,8,17.869591,17.450772,ok,
small,eigh,f64,16,16,1024,faer-pool,8,2.248461,2.195763,ok,
small,eigh,f64,16,16,1024,lapack-openblas,8,24.165009,23.598642,ok,
small,eigvalsh,f64,4,4,1,faer-1lane,8,0.001874,1.874000,ok,
small,eigvalsh,f64,4,4,1,faer-pool,8,0.005641,5.641000,ok,
small,eigvalsh,f64,4,4,1,lapack-openblas,8,0.001132,1.132000,ok,
small,eigvalsh,f64,4,4,64,faer-1lane,8,0.099826,1.559781,ok,
small,eigvalsh,f64,4,4,64,faer-pool,8,0.053750,0.839844,ok,
small,eigvalsh,f64,4,4,64,lapack-openblas,8,0.053580,0.837187,ok,
small,eigvalsh,f64,4,4,1024,faer-1lane,8,1.550433,1.514095,ok,
small,eigvalsh,f64,4,4,1024,faer-pool,8,0.699751,0.683351,ok,
small,eigvalsh,f64,4,4,1024,lapack-openblas,8,0.848067,0.828190,ok,
small,eigvalsh,f64,8,8,1,faer-1lane,8,0.005771,5.771000,ok,
small,eigvalsh,f64,8,8,1,faer-pool,8,0.008265,8.265000,ok,
small,eigvalsh,f64,8,8,1,lapack-openblas,8,0.003036,3.036000,ok,
small,eigvalsh,f64,8,8,64,faer-1lane,8,0.333981,5.218453,ok,
small,eigvalsh,f64,8,8,64,faer-pool,8,0.162612,2.540812,ok,
small,eigvalsh,f64,8,8,64,lapack-openblas,8,0.169977,2.655891,ok,
small,eigvalsh,f64,8,8,1024,faer-1lane,8,5.332005,5.207036,ok,
small,eigvalsh,f64,8,8,1024,faer-pool,8,2.227642,2.175432,ok,
small,eigvalsh,f64,8,8,1024,lapack-openblas,8,2.744284,2.679965,ok,
small,eigvalsh,f64,16,16,1,faer-1lane,8,0.019386,19.386000,ok,
small,eigvalsh,f64,16,16,1,faer-pool,8,0.022952,22.952000,ok,
small,eigvalsh,f64,16,16,1,lapack-openblas,8,0.008586,8.586000,ok,
small,eigvalsh,f64,16,16,64,faer-1lane,8,1.203848,18.810125,ok,
small,eigvalsh,f64,16,16,64,faer-pool,8,0.618260,9.660312,ok,
small,eigvalsh,f64,16,16,64,lapack-openblas,8,0.544142,8.502219,ok,
small,eigvalsh,f64,16,16,1024,faer-1lane,8,20.264576,19.789625,ok,
small,eigvalsh,f64,16,16,1024,faer-pool,8,9.130821,8.916817,ok,
small,eigvalsh,f64,16,16,1024,lapack-openblas,8,8.754801,8.549610,ok,
small,householder_factor,f64,4,4,1,faer-1lane,8,0.000361,0.361000,ok,
small,householder_factor,f64,4,4,1,faer-pool,8,0.002354,2.354000,ok,
small,householder_factor,f64,4,4,1,lapack-openblas,8,0.000461,0.461000,ok,
small,householder_factor,f64,4,4,64,faer-1lane,8,0.016150,0.252344,ok,
small,householder_factor,f64,4,4,64,faer-pool,8,0.010599,0.165609,ok,
small,householder_factor,f64,4,4,64,lapack-openblas,8,0.020308,0.317312,ok,
small,householder_factor,f64,4,4,1024,faer-1lane,8,0.258220,0.252168,ok,
small,householder_factor,f64,4,4,1024,faer-pool,8,0.070061,0.068419,ok,
small,householder_factor,f64,4,4,1024,lapack-openblas,8,0.319614,0.312123,ok,
small,householder_factor,f64,8,8,1,faer-1lane,8,0.000791,0.791000,ok,
small,householder_factor,f64,8,8,1,faer-pool,8,0.004248,4.248000,ok,
small,householder_factor,f64,8,8,1,lapack-openblas,8,0.001042,1.042000,ok,
small,householder_factor,f64,8,8,64,faer-1lane,8,0.043150,0.674219,ok,
small,householder_factor,f64,8,8,64,faer-pool,8,0.014187,0.221672,ok,
small,householder_factor,f64,8,8,64,lapack-openblas,8,0.056294,0.879594,ok,
small,householder_factor,f64,8,8,1024,faer-1lane,8,0.697287,0.680944,ok,
small,householder_factor,f64,8,8,1024,faer-pool,8,0.182680,0.178398,ok,
small,householder_factor,f64,8,8,1024,lapack-openblas,8,0.902840,0.881680,ok,
small,householder_factor,f64,16,16,1,faer-1lane,8,0.002194,2.194000,ok,
small,householder_factor,f64,16,16,1,faer-pool,8,0.005511,5.511000,ok,
small,householder_factor,f64,16,16,1,lapack-openblas,8,0.002685,2.685000,ok,
small,householder_factor,f64,16,16,64,faer-1lane,8,0.136494,2.132719,ok,
small,householder_factor,f64,16,16,64,faer-pool,8,0.039002,0.609406,ok,
small,householder_factor,f64,16,16,64,lapack-openblas,8,0.163263,2.550984,ok,
small,householder_factor,f64,16,16,1024,faer-1lane,8,2.171338,2.120447,ok,
small,householder_factor,f64,16,16,1024,faer-pool,8,0.547488,0.534656,ok,
small,householder_factor,f64,16,16,1024,lapack-openblas,8,2.607559,2.546444,ok,
small,householder_apply,f64,4,4,1,faer-1lane,8,0.000280,0.280000,ok,
small,householder_apply,f64,4,4,1,faer-pool,8,0.003827,3.827000,ok,
small,householder_apply,f64,4,4,1,lapack-openblas,8,0.000601,0.601000,ok,
small,householder_apply,f64,4,4,64,faer-1lane,8,0.011060,0.172813,ok,
small,householder_apply,f64,4,4,64,faer-pool,8,0.005180,0.080938,ok,
small,householder_apply,f64,4,4,64,lapack-openblas,8,0.015900,0.248438,ok,
small,householder_apply,f64,4,4,1024,faer-1lane,8,0.180946,0.176705,ok,
small,householder_apply,f64,4,4,1024,faer-pool,8,0.048270,0.047139,ok,
small,householder_apply,f64,4,4,1024,lapack-openblas,8,0.250717,0.244841,ok,
small,householder_apply,f64,8,8,1,faer-1lane,8,0.000721,0.721000,ok,
small,householder_apply,f64,8,8,1,faer-pool,8,0.003737,3.737000,ok,
small,householder_apply,f64,8,8,1,lapack-openblas,8,0.001062,1.062000,ok,
small,householder_apply,f64,8,8,64,faer-1lane,8,0.039323,0.614422,ok,
small,householder_apply,f64,8,8,64,faer-pool,8,0.013425,0.209766,ok,
small,householder_apply,f64,8,8,64,lapack-openblas,8,0.045374,0.708969,ok,
small,householder_apply,f64,8,8,1024,faer-1lane,8,0.651752,0.636477,ok,
small,householder_apply,f64,8,8,1024,faer-pool,8,0.164737,0.160876,ok,
small,householder_apply,f64,8,8,1024,lapack-openblas,8,0.718787,0.701940,ok,
small,householder_apply,f64,16,16,1,faer-1lane,8,0.002665,2.665000,ok,
small,householder_apply,f64,16,16,1,faer-pool,8,0.004990,4.990000,ok,
small,householder_apply,f64,16,16,1,lapack-openblas,8,0.002945,2.945000,ok,
small,householder_apply,f64,16,16,64,faer-1lane,8,0.157583,2.462234,ok,
small,householder_apply,f64,16,16,64,faer-pool,8,0.044412,0.693937,ok,
small,householder_apply,f64,16,16,64,lapack-openblas,8,0.163544,2.555375,ok,
small,householder_apply,f64,16,16,1024,faer-1lane,8,2.546827,2.487136,ok,
small,householder_apply,f64,16,16,1024,faer-pool,8,0.647384,0.632211,ok,
small,householder_apply,f64,16,16,1024,lapack-openblas,8,2.646452,2.584426,ok,
small,svd_full,f64,4,4,1,faer-1lane,8,0.002925,2.925000,ok,
small,svd_full,f64,4,4,1,faer-pool,8,0.006151,6.151000,ok,
small,svd_full,f64,4,4,1,lapack-openblas,8,0.004809,4.809000,ok,
small,svd_full,f64,4,4,64,faer-1lane,8,0.158666,2.479156,ok,
small,svd_full,f64,4,4,64,faer-pool,8,0.045094,0.704594,ok,
small,svd_full,f64,4,4,64,lapack-openblas,8,0.254703,3.979734,ok,
small,svd_full,f64,4,4,1024,faer-1lane,8,2.544492,2.484855,ok,
small,svd_full,f64,4,4,1024,faer-pool,8,0.412067,0.402409,ok,
small,svd_full,f64,4,4,1024,lapack-openblas,8,4.082763,3.987073,ok,
small,svd_full,f64,8,8,1,faer-1lane,8,0.009087,9.087000,ok,
small,svd_full,f64,8,8,1,faer-pool,8,0.011391,11.391000,ok,
small,svd_full,f64,8,8,1,lapack-openblas,8,0.013625,13.625000,ok,
small,svd_full,f64,8,8,64,faer-1lane,8,0.569169,8.893266,ok,
small,svd_full,f64,8,8,64,faer-pool,8,0.149228,2.331688,ok,
small,svd_full,f64,8,8,64,lapack-openblas,8,0.853517,13.336203,ok,
small,svd_full,f64,8,8,1024,faer-1lane,8,9.064327,8.851882,ok,
small,svd_full,f64,8,8,1024,faer-pool,8,1.163775,1.136499,ok,
small,svd_full,f64,8,8,1024,lapack-openblas,8,13.507450,13.190869,ok,
small,svd_full,f64,16,16,1,faer-1lane,8,0.032991,32.991000,ok,
small,svd_full,f64,16,16,1,faer-pool,8,0.035747,35.747000,ok,
small,svd_full,f64,16,16,1,lapack-openblas,8,0.051947,51.947000,ok,
small,svd_full,f64,16,16,64,faer-1lane,8,2.098984,32.796625,ok,
small,svd_full,f64,16,16,64,faer-pool,8,0.297183,4.643484,ok,
small,svd_full,f64,16,16,64,lapack-openblas,8,3.193349,49.896078,ok,
small,svd_full,f64,16,16,1024,faer-1lane,8,33.520290,32.734658,ok,
small,svd_full,f64,16,16,1024,faer-pool,8,4.363425,4.261157,ok,
small,svd_full,f64,16,16,1024,lapack-openblas,8,53.886527,52.623562,ok,
small,eig,f64,4,4,1,faer-1lane,8,0.004438,4.438000,ok,
small,eig,f64,4,4,1,faer-pool,8,0.007303,7.303000,ok,
small,eig,f64,4,4,1,lapack-openblas,8,0.004448,4.448000,ok,
small,eig,f64,4,4,64,faer-1lane,8,0.234967,3.671359,ok,
small,eig,f64,4,4,64,faer-pool,8,0.083014,1.297094,ok,
small,eig,f64,4,4,64,lapack-openblas,8,0.218837,3.419328,ok,
small,eig,f64,4,4,1024,faer-1lane,8,3.754293,3.666302,ok,
small,eig,f64,4,4,1024,faer-pool,8,0.714008,0.697273,ok,
small,eig,f64,4,4,1024,lapack-openblas,8,3.447120,3.366328,ok,
small,eig,f64,8,8,1,faer-1lane,8,0.015148,15.148000,ok,
small,eig,f64,8,8,1,faer-pool,8,0.018093,18.093000,ok,
small,eig,f64,8,8,1,lapack-openblas,8,0.012393,12.393000,ok,
small,eig,f64,8,8,64,faer-1lane,8,0.909973,14.218328,ok,
small,eig,f64,8,8,64,faer-pool,8,0.178191,2.784234,ok,
small,eig,f64,8,8,64,lapack-openblas,8,0.710040,11.094375,ok,
small,eig,f64,8,8,1024,faer-1lane,8,14.466514,14.127455,ok,
small,eig,f64,8,8,1024,faer-pool,8,3.565340,3.481777,ok,
small,eig,f64,8,8,1024,lapack-openblas,8,11.363434,11.097104,ok,
small,eig,f64,16,16,1,faer-1lane,8,0.056335,56.335000,ok,
small,eig,f64,16,16,1,faer-pool,8,0.060262,60.262000,ok,
small,eig,f64,16,16,1,lapack-openblas,8,0.043671,43.671000,ok,
small,eig,f64,16,16,64,faer-1lane,8,3.648285,57.004453,ok,
small,eig,f64,16,16,64,faer-pool,8,1.070341,16.724078,ok,
small,eig,f64,16,16,64,lapack-openblas,8,2.753922,43.030031,ok,
small,eig,f64,16,16,1024,faer-1lane,8,60.833098,59.407322,ok,
small,eig,f64,16,16,1024,faer-pool,8,15.678509,15.311044,ok,
small,eig,f64,16,16,1024,lapack-openblas,8,46.201686,45.118834,ok,
small,eigvals,f64,4,4,1,faer-1lane,8,0.002595,2.595000,ok,
small,eigvals,f64,4,4,1,faer-pool,8,0.005991,5.991000,ok,
small,eigvals,f64,4,4,1,lapack-openblas,8,0.003246,3.246000,ok,
small,eigvals,f64,4,4,64,faer-1lane,8,0.134080,2.095000,ok,
small,eigvals,f64,4,4,64,faer-pool,8,0.042118,0.658094,ok,
small,eigvals,f64,4,4,64,lapack-openblas,8,0.145200,2.268750,ok,
small,eigvals,f64,4,4,1024,faer-1lane,8,2.141924,2.091723,ok,
small,eigvals,f64,4,4,1024,faer-pool,8,0.750095,0.732515,ok,
small,eigvals,f64,4,4,1024,lapack-openblas,8,2.304596,2.250582,ok,
small,eigvals,f64,8,8,1,faer-1lane,8,0.010530,10.530000,ok,
small,eigvals,f64,8,8,1,faer-pool,8,0.013185,13.185000,ok,
small,eigvals,f64,8,8,1,lapack-openblas,8,0.009798,9.798000,ok,
small,eigvals,f64,8,8,64,faer-1lane,8,0.621706,9.714156,ok,
small,eigvals,f64,8,8,64,faer-pool,8,0.211875,3.310547,ok,
small,eigvals,f64,8,8,64,lapack-openblas,8,0.548520,8.570625,ok,
small,eigvals,f64,8,8,1024,faer-1lane,8,9.949715,9.716519,ok,
small,eigvals,f64,8,8,1024,faer-pool,8,2.458242,2.400627,ok,
small,eigvals,f64,8,8,1024,lapack-openblas,8,8.756525,8.551294,ok,
small,eigvals,f64,16,16,1,faer-1lane,8,0.040015,40.015000,ok,
small,eigvals,f64,16,16,1,faer-pool,8,0.043471,43.471000,ok,
small,eigvals,f64,16,16,1,lapack-openblas,8,0.032420,32.420000,ok,
small,eigvals,f64,16,16,64,faer-1lane,8,2.612479,40.819984,ok,
small,eigvals,f64,16,16,64,faer-pool,8,0.809646,12.650719,ok,
small,eigvals,f64,16,16,64,lapack-openblas,8,2.042248,31.910125,ok,
small,eigvals,f64,16,16,1024,faer-1lane,8,41.753194,40.774604,ok,
small,eigvals,f64,16,16,1024,faer-pool,8,8.076911,7.887608,ok,
small,eigvals,f64,16,16,1024,lapack-openblas,8,32.419494,31.659662,ok,
small,full_piv_lu,f64,4,4,1,faer-1lane,8,0.000601,0.601000,ok,
small,full_piv_lu,f64,4,4,1,faer-pool,8,0.002334,2.334000,ok,
small,full_piv_lu,f64,4,4,1,lapack-openblas,8,0.000391,0.391000,ok,
small,full_piv_lu,f64,4,4,64,faer-1lane,8,0.014517,0.226828,ok,
small,full_piv_lu,f64,4,4,64,faer-pool,8,0.006502,0.101594,ok,
small,full_piv_lu,f64,4,4,64,lapack-openblas,8,0.013996,0.218688,ok,
small,full_piv_lu,f64,4,4,1024,faer-1lane,8,0.223085,0.217856,ok,
small,full_piv_lu,f64,4,4,1024,faer-pool,8,0.063548,0.062059,ok,
small,full_piv_lu,f64,4,4,1024,lapack-openblas,8,0.221852,0.216652,ok,
small,full_piv_lu,f64,8,8,1,faer-1lane,8,0.000982,0.982000,ok,
small,full_piv_lu,f64,8,8,1,faer-pool,8,0.004388,4.388000,ok,
small,full_piv_lu,f64,8,8,1,lapack-openblas,8,0.000772,0.772000,ok,
small,full_piv_lu,f64,8,8,64,faer-1lane,8,0.038020,0.594062,ok,
small,full_piv_lu,f64,8,8,64,faer-pool,8,0.013736,0.214625,ok,
small,full_piv_lu,f64,8,8,64,lapack-openblas,8,0.037630,0.587969,ok,
small,full_piv_lu,f64,8,8,1024,faer-1lane,8,0.622437,0.607849,ok,
small,full_piv_lu,f64,8,8,1024,faer-pool,8,0.158815,0.155093,ok,
small,full_piv_lu,f64,8,8,1024,lapack-openblas,8,0.610375,0.596069,ok,
small,full_piv_lu,f64,16,16,1,faer-1lane,8,0.002394,2.394000,ok,
small,full_piv_lu,f64,16,16,1,faer-pool,8,0.005630,5.630000,ok,
small,full_piv_lu,f64,16,16,1,lapack-openblas,8,0.002565,2.565000,ok,
small,full_piv_lu,f64,16,16,64,faer-1lane,8,0.120093,1.876453,ok,
small,full_piv_lu,f64,16,16,64,faer-pool,8,0.025327,0.395734,ok,
small,full_piv_lu,f64,16,16,64,lapack-openblas,8,0.161720,2.526875,ok,
small,full_piv_lu,f64,16,16,1024,faer-1lane,8,2.035475,1.987769,ok,
small,full_piv_lu,f64,16,16,1024,faer-pool,8,0.483880,0.472539,ok,
small,full_piv_lu,f64,16,16,1024,lapack-openblas,8,2.861512,2.794445,ok,
small,full_piv_lu_solve,f64,4,4,1,faer-1lane,8,0.000711,0.711000,ok,
small,full_piv_lu_solve,f64,4,4,1,faer-pool,8,0.003656,3.656000,ok,
small,full_piv_lu_solve,f64,4,4,1,lapack-openblas,8,0.000751,0.751000,ok,
small,full_piv_lu_solve,f64,4,4,64,faer-1lane,8,0.019346,0.302281,ok,
small,full_piv_lu_solve,f64,4,4,64,faer-pool,8,0.010380,0.162188,ok,
small,full_piv_lu_solve,f64,4,4,64,lapack-openblas,8,0.035385,0.552891,ok,
small,full_piv_lu_solve,f64,4,4,1024,faer-1lane,8,0.310998,0.303709,ok,
small,full_piv_lu_solve,f64,4,4,1024,faer-pool,8,0.052117,0.050896,ok,
small,full_piv_lu_solve,f64,4,4,1024,lapack-openblas,8,0.564310,0.551084,ok,
small,full_piv_lu_solve,f64,8,8,1,faer-1lane,8,0.001212,1.212000,ok,
small,full_piv_lu_solve,f64,8,8,1,faer-pool,8,0.004718,4.718000,ok,
small,full_piv_lu_solve,f64,8,8,1,lapack-openblas,8,0.001392,1.392000,ok,
small,full_piv_lu_solve,f64,8,8,64,faer-1lane,8,0.047008,0.734500,ok,
small,full_piv_lu_solve,f64,8,8,64,faer-pool,8,0.011311,0.176734,ok,
small,full_piv_lu_solve,f64,8,8,64,lapack-openblas,8,0.074949,1.171078,ok,
small,full_piv_lu_solve,f64,8,8,1024,faer-1lane,8,0.763921,0.746017,ok,
small,full_piv_lu_solve,f64,8,8,1024,faer-pool,8,0.118060,0.115293,ok,
small,full_piv_lu_solve,f64,8,8,1024,lapack-openblas,8,1.191456,1.163531,ok,
small,full_piv_lu_solve,f64,16,16,1,faer-1lane,8,0.002625,2.625000,ok,
small,full_piv_lu_solve,f64,16,16,1,faer-pool,8,0.005660,5.660000,ok,
small,full_piv_lu_solve,f64,16,16,1,lapack-openblas,8,0.003897,3.897000,ok,
small,full_piv_lu_solve,f64,16,16,64,faer-1lane,8,0.127948,1.999187,ok,
small,full_piv_lu_solve,f64,16,16,64,faer-pool,8,0.037660,0.588437,ok,
small,full_piv_lu_solve,f64,16,16,64,lapack-openblas,8,0.237602,3.712531,ok,
small,full_piv_lu_solve,f64,16,16,1024,faer-1lane,8,2.015218,1.967986,ok,
small,full_piv_lu_solve,f64,16,16,1024,faer-pool,8,0.521700,0.509473,ok,
small,full_piv_lu_solve,f64,16,16,1024,lapack-openblas,8,3.808733,3.719466,ok,
small,lu_factor,c64,4,4,1,faer-1lane,8,0.000371,0.371000,ok,
small,lu_factor,c64,4,4,1,faer-pool,8,0.002265,2.265000,ok,
small,lu_factor,c64,4,4,1,lapack-openblas,8,0.000210,0.210000,ok,
small,lu_factor,c64,4,4,64,faer-1lane,8,0.010359,0.161859,ok,
small,lu_factor,c64,4,4,64,faer-pool,8,0.005410,0.084531,ok,
small,lu_factor,c64,4,4,64,lapack-openblas,8,0.010219,0.159672,ok,
small,lu_factor,c64,4,4,1024,faer-1lane,8,0.164927,0.161062,ok,
small,lu_factor,c64,4,4,1024,faer-pool,8,0.046056,0.044977,ok,
small,lu_factor,c64,4,4,1024,lapack-openblas,8,0.162943,0.159124,ok,
small,lu_factor,c64,8,8,1,faer-1lane,8,0.000591,0.591000,ok,
small,lu_factor,c64,8,8,1,faer-pool,8,0.003526,3.526000,ok,
small,lu_factor,c64,8,8,1,lapack-openblas,8,0.000490,0.490000,ok,
small,lu_factor,c64,8,8,64,faer-1lane,8,0.024556,0.383688,ok,
small,lu_factor,c64,8,8,64,faer-pool,8,0.009117,0.142453,ok,
small,lu_factor,c64,8,8,64,lapack-openblas,8,0.028393,0.443641,ok,
small,lu_factor,c64,8,8,1024,faer-1lane,8,0.386309,0.377255,ok,
small,lu_factor,c64,8,8,1024,faer-pool,8,0.105076,0.102613,ok,
small,lu_factor,c64,8,8,1024,lapack-openblas,8,0.457812,0.447082,ok,
small,lu_factor,c64,16,16,1,faer-1lane,8,0.001432,1.432000,ok,
small,lu_factor,c64,16,16,1,faer-pool,8,0.004729,4.729000,ok,
small,lu_factor,c64,16,16,1,lapack-openblas,8,0.001663,1.663000,ok,
small,lu_factor,c64,16,16,64,faer-1lane,8,0.075460,1.179062,ok,
small,lu_factor,c64,16,16,64,faer-pool,8,0.021680,0.338750,ok,
small,lu_factor,c64,16,16,64,lapack-openblas,8,0.102050,1.594531,ok,
small,lu_factor,c64,16,16,1024,faer-1lane,8,1.207836,1.179527,ok,
small,lu_factor,c64,16,16,1024,faer-pool,8,0.310677,0.303396,ok,
small,lu_factor,c64,16,16,1024,lapack-openblas,8,1.648225,1.609595,ok,
small,lu_solve_prepared,c64,4,4,1,faer-1lane,8,0.000260,0.260000,ok,
small,lu_solve_prepared,c64,4,4,1,faer-pool,8,0.002875,2.875000,ok,
small,lu_solve_prepared,c64,4,4,1,lapack-openblas,8,0.000471,0.471000,ok,
small,lu_solve_prepared,c64,4,4,64,faer-1lane,8,0.006111,0.095484,ok,
small,lu_solve_prepared,c64,4,4,64,faer-pool,8,0.005580,0.087188,ok,
small,lu_solve_prepared,c64,4,4,64,lapack-openblas,8,0.040245,0.628828,ok,
small,lu_solve_prepared,c64,4,4,1024,faer-1lane,8,0.096199,0.093944,ok,
small,lu_solve_prepared,c64,4,4,1024,faer-pool,8,0.032932,0.032160,ok,
small,lu_solve_prepared,c64,4,4,1024,lapack-openblas,8,0.628680,0.613945,ok,
small,lu_solve_prepared,c64,8,8,1,faer-1lane,8,0.000441,0.441000,ok,
small,lu_solve_prepared,c64,8,8,1,faer-pool,8,0.002185,2.185000,ok,
small,lu_solve_prepared,c64,8,8,1,lapack-openblas,8,0.000661,0.661000,ok,
small,lu_solve_prepared,c64,8,8,64,faer-1lane,8,0.018014,0.281469,ok,
small,lu_solve_prepared,c64,8,8,64,faer-pool,8,0.007734,0.120844,ok,
small,lu_solve_prepared,c64,8,8,64,lapack-openblas,8,0.052848,0.825750,ok,
small,lu_solve_prepared,c64,8,8,1024,faer-1lane,8,0.289498,0.282713,ok,
small,lu_solve_prepared,c64,8,8,1024,faer-pool,8,0.084457,0.082478,ok,
small,lu_solve_prepared,c64,8,8,1024,lapack-openblas,8,0.677610,0.661729,ok,
small,lu_solve_prepared,c64,16,16,1,faer-1lane,8,0.000921,0.921000,ok,
small,lu_solve_prepared,c64,16,16,1,faer-pool,8,0.003507,3.507000,ok,
small,lu_solve_prepared,c64,16,16,1,lapack-openblas,8,0.001062,1.062000,ok,
small,lu_solve_prepared,c64,16,16,64,faer-1lane,8,0.047430,0.741094,ok,
small,lu_solve_prepared,c64,16,16,64,faer-pool,8,0.015871,0.247984,ok,
small,lu_solve_prepared,c64,16,16,64,lapack-openblas,8,0.071407,1.115734,ok,
small,lu_solve_prepared,c64,16,16,1024,faer-1lane,8,0.791752,0.773195,ok,
small,lu_solve_prepared,c64,16,16,1024,faer-pool,8,0.118366,0.115592,ok,
small,lu_solve_prepared,c64,16,16,1024,lapack-openblas,8,0.997705,0.974321,ok,
small,lu_factor_solve,c64,4,4,1,faer-1lane,8,0.000511,0.511000,ok,
small,lu_factor_solve,c64,4,4,1,faer-pool,8,0.003456,3.456000,ok,
small,lu_factor_solve,c64,4,4,1,lapack-openblas,8,0.000852,0.852000,ok,
small,lu_factor_solve,c64,4,4,64,faer-1lane,8,0.015851,0.247672,ok,
small,lu_factor_solve,c64,4,4,64,faer-pool,8,0.007414,0.115844,ok,
small,lu_factor_solve,c64,4,4,64,lapack-openblas,8,0.052200,0.815625,ok,
small,lu_factor_solve,c64,4,4,1024,faer-1lane,8,0.255989,0.249989,ok,
small,lu_factor_solve,c64,4,4,1024,faer-pool,8,0.070936,0.069273,ok,
small,lu_factor_solve,c64,4,4,1024,lapack-openblas,8,0.825026,0.805689,ok,
small,lu_factor_solve,c64,8,8,1,faer-1lane,8,0.000921,0.921000,ok,
small,lu_factor_solve,c64,8,8,1,faer-pool,8,0.004158,4.158000,ok,
small,lu_factor_solve,c64,8,8,1,lapack-openblas,8,0.001202,1.202000,ok,
small,lu_factor_solve,c64,8,8,64,faer-1lane,8,0.041719,0.651859,ok,
small,lu_factor_solve,c64,8,8,64,faer-pool,8,0.015310,0.239219,ok,
small,lu_factor_solve,c64,8,8,64,lapack-openblas,8,0.088849,1.388266,ok,
small,lu_factor_solve,c64,8,8,1024,faer-1lane,8,0.673095,0.657319,ok,
small,lu_factor_solve,c64,8,8,1024,faer-pool,8,0.175425,0.171313,ok,
small,lu_factor_solve,c64,8,8,1024,lapack-openblas,8,1.240899,1.211815,ok,
small,lu_factor_solve,c64,16,16,1,faer-1lane,8,0.002255,2.255000,ok,
small,lu_factor_solve,c64,16,16,1,faer-pool,8,0.005030,5.030000,ok,
small,lu_factor_solve,c64,16,16,1,lapack-openblas,8,0.002705,2.705000,ok,
small,lu_factor_solve,c64,16,16,64,faer-1lane,8,0.121783,1.902859,ok,
small,lu_factor_solve,c64,16,16,64,faer-pool,8,0.036088,0.563875,ok,
small,lu_factor_solve,c64,16,16,64,lapack-openblas,8,0.189662,2.963469,ok,
small,lu_factor_solve,c64,16,16,1024,faer-1lane,8,1.985109,1.938583,ok,
small,lu_factor_solve,c64,16,16,1024,faer-pool,8,0.497359,0.485702,ok,
small,lu_factor_solve,c64,16,16,1024,lapack-openblas,8,2.950482,2.881330,ok,
small,solve,c64,4,4,1,faer-1lane,8,0.000701,0.701000,ok,
small,solve,c64,4,4,1,faer-pool,8,0.002575,2.575000,ok,
small,solve,c64,4,4,1,lapack-openblas,8,0.000881,0.881000,ok,
small,solve,c64,4,4,64,faer-1lane,8,0.019828,0.309813,ok,
small,solve,c64,4,4,64,faer-pool,8,0.010580,0.165313,ok,
small,solve,c64,4,4,64,lapack-openblas,8,0.054093,0.845203,ok,
small,solve,c64,4,4,1024,faer-1lane,8,0.309360,0.302109,ok,
small,solve,c64,4,4,1024,faer-pool,8,0.084923,0.082933,ok,
small,solve,c64,4,4,1024,lapack-openblas,8,0.882875,0.862183,ok,
small,solve,c64,8,8,1,faer-1lane,8,0.001193,1.193000,ok,
small,solve,c64,8,8,1,faer-pool,8,0.003547,3.547000,ok,
small,solve,c64,8,8,1,lapack-openblas,8,0.001533,1.533000,ok,
small,solve,c64,8,8,64,faer-1lane,8,0.046939,0.733422,ok,
small,solve,c64,8,8,64,faer-pool,8,0.014718,0.229969,ok,
small,solve,c64,8,8,64,lapack-openblas,8,0.078651,1.228922,ok,
small,solve,c64,8,8,1024,faer-1lane,8,0.746955,0.729448,ok,
small,solve,c64,8,8,1024,faer-pool,8,0.195003,0.190433,ok,
small,solve,c64,8,8,1024,lapack-openblas,8,1.451951,1.417921,ok,
small,solve,c64,16,16,1,faer-1lane,8,0.002736,2.736000,ok,
small,solve,c64,16,16,1,faer-pool,8,0.005721,5.721000,ok,
small,solve,c64,16,16,1,lapack-openblas,8,0.003115,3.115000,ok,
small,solve,c64,16,16,64,faer-1lane,8,0.133325,2.083203,ok,
small,solve,c64,16,16,64,faer-pool,8,0.025839,0.403734,ok,
small,solve,c64,16,16,64,lapack-openblas,8,0.196735,3.073984,ok,
small,solve,c64,16,16,1024,faer-1lane,8,2.140093,2.089935,ok,
small,solve,c64,16,16,1024,faer-pool,8,0.398711,0.389366,ok,
small,solve,c64,16,16,1024,lapack-openblas,8,3.162363,3.088245,ok,
small,lu,c64,4,4,1,faer-1lane,8,0.000421,0.421000,ok,
small,lu,c64,4,4,1,faer-pool,8,0.002505,2.505000,ok,
small,lu,c64,4,4,1,lapack-openblas,8,0.000421,0.421000,ok,
small,lu,c64,4,4,64,faer-1lane,8,0.012964,0.202563,ok,
small,lu,c64,4,4,64,faer-pool,8,0.005781,0.090328,ok,
small,lu,c64,4,4,64,lapack-openblas,8,0.014708,0.229813,ok,
small,lu,c64,4,4,1024,faer-1lane,8,0.206734,0.201889,ok,
small,lu,c64,4,4,1024,faer-pool,8,0.034926,0.034107,ok,
small,lu,c64,4,4,1024,lapack-openblas,8,0.235409,0.229892,ok,
small,lu,c64,8,8,1,faer-1lane,8,0.000741,0.741000,ok,
small,lu,c64,8,8,1,faer-pool,8,0.003657,3.657000,ok,
small,lu,c64,8,8,1,lapack-openblas,8,0.000872,0.872000,ok,
small,lu,c64,8,8,64,faer-1lane,8,0.033534,0.523969,ok,
small,lu,c64,8,8,64,faer-pool,8,0.013165,0.205703,ok,
small,lu,c64,8,8,64,lapack-openblas,8,0.040206,0.628219,ok,
small,lu,c64,8,8,1024,faer-1lane,8,0.534670,0.522139,ok,
small,lu,c64,8,8,1024,faer-pool,8,0.139125,0.135864,ok,
small,lu,c64,8,8,1024,lapack-openblas,8,0.644489,0.629384,ok,
small,lu,c64,16,16,1,faer-1lane,8,0.002044,2.044000,ok,
small,lu,c64,16,16,1,faer-pool,8,0.005260,5.260000,ok,
small,lu,c64,16,16,1,lapack-openblas,8,0.002274,2.274000,ok,
small,lu,c64,16,16,64,faer-1lane,8,0.109829,1.716078,ok,
small,lu,c64,16,16,64,faer-pool,8,0.032912,0.514250,ok,
small,lu,c64,16,16,64,lapack-openblas,8,0.135939,2.124047,ok,
small,lu,c64,16,16,1024,faer-1lane,8,1.846591,1.803312,ok,
small,lu,c64,16,16,1024,faer-pool,8,0.467362,0.456408,ok,
small,lu,c64,16,16,1024,lapack-openblas,8,2.556054,2.496146,ok,
small,cholesky,c64,4,4,1,faer-1lane,8,0.000340,0.340000,ok,
small,cholesky,c64,4,4,1,faer-pool,8,0.003968,3.968000,ok,
small,cholesky,c64,4,4,1,lapack-openblas,8,0.000291,0.291000,ok,
small,cholesky,c64,4,4,64,faer-1lane,8,0.007805,0.121953,ok,
small,cholesky,c64,4,4,64,faer-pool,8,0.004268,0.066687,ok,
small,cholesky,c64,4,4,64,lapack-openblas,8,0.009689,0.151391,ok,
small,cholesky,c64,4,4,1024,faer-1lane,8,0.121531,0.118683,ok,
small,cholesky,c64,4,4,1024,faer-pool,8,0.023725,0.023169,ok,
small,cholesky,c64,4,4,1024,lapack-openblas,8,0.152931,0.149347,ok,
small,cholesky,c64,8,8,1,faer-1lane,8,0.000501,0.501000,ok,
small,cholesky,c64,8,8,1,faer-pool,8,0.002074,2.074000,ok,
small,cholesky,c64,8,8,1,lapack-openblas,8,0.000461,0.461000,ok,
small,cholesky,c64,8,8,64,faer-1lane,8,0.017002,0.265656,ok,
small,cholesky,c64,8,8,64,faer-pool,8,0.010891,0.170172,ok,
small,cholesky,c64,8,8,64,lapack-openblas,8,0.020299,0.317172,ok,
small,cholesky,c64,8,8,1024,faer-1lane,8,0.281106,0.274518,ok,
small,cholesky,c64,8,8,1024,faer-pool,8,0.072899,0.071190,ok,
small,cholesky,c64,8,8,1024,lapack-openblas,8,0.316663,0.309241,ok,
small,cholesky,c64,16,16,1,faer-1lane,8,0.001152,1.152000,ok,
small,cholesky,c64,16,16,1,faer-pool,8,0.003667,3.667000,ok,
small,cholesky,c64,16,16,1,lapack-openblas,8,0.001082,1.082000,ok,
small,cholesky,c64,16,16,64,faer-1lane,8,0.052671,0.822984,ok,
small,cholesky,c64,16,16,64,faer-pool,8,0.014818,0.231531,ok,
small,cholesky,c64,16,16,64,lapack-openblas,8,0.059734,0.933344,ok,
small,cholesky,c64,16,16,1024,faer-1lane,8,0.861031,0.840851,ok,
small,cholesky,c64,16,16,1024,faer-pool,8,0.220540,0.215371,ok,
small,cholesky,c64,16,16,1024,lapack-openblas,8,0.986861,0.963731,ok,
small,triangular_solve,c64,4,4,1,faer-1lane,8,0.000280,0.280000,ok,
small,triangular_solve,c64,4,4,1,faer-pool,8,0.002494,2.494000,ok,
small,triangular_solve,c64,4,4,1,lapack-openblas,8,0.000591,0.591000,ok,
small,triangular_solve,c64,4,4,64,faer-1lane,8,0.006332,0.098937,ok,
small,triangular_solve,c64,4,4,64,faer-pool,8,0.003958,0.061844,ok,
small,triangular_solve,c64,4,4,64,lapack-openblas,8,0.028283,0.441922,ok,
small,triangular_solve,c64,4,4,1024,faer-1lane,8,0.098117,0.095817,ok,
small,triangular_solve,c64,4,4,1024,faer-pool,8,0.028545,0.027876,ok,
small,triangular_solve,c64,4,4,1024,lapack-openblas,8,0.530220,0.517793,ok,
small,triangular_solve,c64,8,8,1,faer-1lane,8,0.000401,0.401000,ok,
small,triangular_solve,c64,8,8,1,faer-pool,8,0.002535,2.535000,ok,
small,triangular_solve,c64,8,8,1,lapack-openblas,8,0.000761,0.761000,ok,
small,triangular_solve,c64,8,8,64,faer-1lane,8,0.015199,0.237484,ok,
small,triangular_solve,c64,8,8,64,faer-pool,8,0.006983,0.109109,ok,
small,triangular_solve,c64,8,8,64,lapack-openblas,8,0.038003,0.593797,ok,
small,triangular_solve,c64,8,8,1024,faer-1lane,8,0.245417,0.239665,ok,
small,triangular_solve,c64,8,8,1024,faer-pool,8,0.064583,0.063069,ok,
small,triangular_solve,c64,8,8,1024,lapack-openblas,8,0.622807,0.608210,ok,
small,triangular_solve,c64,16,16,1,faer-1lane,8,0.000731,0.731000,ok,
small,triangular_solve,c64,16,16,1,faer-pool,8,0.002305,2.305000,ok,
small,triangular_solve,c64,16,16,1,lapack-openblas,8,0.000921,0.921000,ok,
small,triangular_solve,c64,16,16,64,faer-1lane,8,0.036019,0.562797,ok,
small,triangular_solve,c64,16,16,64,faer-pool,8,0.013145,0.205391,ok,
small,triangular_solve,c64,16,16,64,lapack-openblas,8,0.048092,0.751438,ok,
small,triangular_solve,c64,16,16,1024,faer-1lane,8,0.599733,0.585677,ok,
small,triangular_solve,c64,16,16,1024,faer-pool,8,0.085823,0.083812,ok,
small,triangular_solve,c64,16,16,1024,lapack-openblas,8,0.847394,0.827533,ok,
small,svd_values,c64,4,4,1,faer-1lane,8,0.003006,3.006000,ok,
small,svd_values,c64,4,4,1,faer-pool,8,0.006072,6.072000,ok,
small,svd_values,c64,4,4,1,lapack-openblas,8,0.004008,4.008000,ok,
small,svd_values,c64,4,4,64,faer-1lane,8,0.164764,2.574437,ok,
small,svd_values,c64,4,4,64,faer-pool,8,0.066116,1.033063,ok,
small,svd_values,c64,4,4,64,lapack-openblas,8,0.195191,3.049859,ok,
small,svd_values,c64,4,4,1024,faer-1lane,8,2.619529,2.558134,ok,
small,svd_values,c64,4,4,1024,faer-pool,8,0.933027,0.911159,ok,
small,svd_values,c64,4,4,1024,lapack-openblas,8,3.113570,3.040596,ok,
small,svd_values,c64,8,8,1,faer-1lane,8,0.008807,8.807000,ok,
small,svd_values,c64,8,8,1,faer-pool,8,0.011502,11.502000,ok,
small,svd_values,c64,8,8,1,lapack-openblas,8,0.008526,8.526000,ok,
small,svd_values,c64,8,8,64,faer-1lane,8,0.548795,8.574922,ok,
small,svd_values,c64,8,8,64,faer-pool,8,0.206322,3.223781,ok,
small,svd_values,c64,8,8,64,lapack-openblas,8,0.490153,7.658641,ok,
small,svd_values,c64,8,8,1024,faer-1lane,8,8.778546,8.572799,ok,
small,svd_values,c64,8,8,1024,faer-pool,8,3.797311,3.708312,ok,
small,svd_values,c64,8,8,1024,lapack-openblas,8,7.796516,7.613785,ok,
small,svd_values,c64,16,16,1,faer-1lane,8,0.029756,29.756000,ok,
small,svd_values,c64,16,16,1,faer-pool,8,0.033183,33.183000,ok,
small,svd_values,c64,16,16,1,lapack-openblas,8,0.023625,23.625000,ok,
small,svd_values,c64,16,16,64,faer-1lane,8,1.922721,30.042516,ok,
small,svd_values,c64,16,16,64,faer-pool,8,0.685365,10.708828,ok,
small,svd_values,c64,16,16,64,lapack-openblas,8,1.472413,23.006453,ok,
small,svd_values,c64,16,16,1024,faer-1lane,8,32.904746,32.133541,ok,
small,svd_values,c64,16,16,1024,faer-pool,8,10.060204,9.824418,ok,
small,svd_values,c64,16,16,1024,lapack-openblas,8,25.838862,25.233264,ok,
small,qr,c64,4,4,1,faer-1lane,8,0.000792,0.792000,ok,
small,qr,c64,4,4,1,faer-pool,8,0.003737,3.737000,ok,
small,qr,c64,4,4,1,lapack-openblas,8,0.001192,1.192000,ok,
small,qr,c64,4,4,64,faer-1lane,8,0.035157,0.549328,ok,
small,qr,c64,4,4,64,faer-pool,8,0.013095,0.204609,ok,
small,qr,c64,4,4,64,lapack-openblas,8,0.052811,0.825172,ok,
small,qr,c64,4,4,1024,faer-1lane,8,0.571719,0.558319,ok,
small,qr,c64,4,4,1024,faer-pool,8,0.079120,0.077266,ok,
small,qr,c64,4,4,1024,lapack-openblas,8,0.845680,0.825859,ok,
small,qr,c64,8,8,1,faer-1lane,8,0.001944,1.944000,ok,
small,qr,c64,8,8,1,faer-pool,8,0.005050,5.050000,ok,
small,qr,c64,8,8,1,lapack-openblas,8,0.002655,2.655000,ok,
small,qr,c64,8,8,64,faer-1lane,8,0.100290,1.567031,ok,
small,qr,c64,8,8,64,faer-pool,8,0.021411,0.334547,ok,
small,qr,c64,8,8,64,lapack-openblas,8,0.142201,2.221891,ok,
small,qr,c64,8,8,1024,faer-1lane,8,1.594054,1.556693,ok,
small,qr,c64,8,8,1024,faer-pool,8,0.405692,0.396184,ok,
small,qr,c64,8,8,1024,lapack-openblas,8,2.301330,2.247393,ok,
small,qr,c64,16,16,1,faer-1lane,8,0.006833,6.833000,ok,
small,qr,c64,16,16,1,faer-pool,8,0.009919,9.919000,ok,
small,qr,c64,16,16,1,lapack-openblas,8,0.007775,7.775000,ok,
small,qr,c64,16,16,64,faer-1lane,8,0.403458,6.304031,ok,
small,qr,c64,16,16,64,faer-pool,8,0.061237,0.956828,ok,
small,qr,c64,16,16,64,lapack-openblas,8,0.471106,7.361031,ok,
small,qr,c64,16,16,1024,faer-1lane,8,6.511651,6.359034,ok,
small,qr,c64,16,16,1024,faer-pool,8,0.850859,0.830917,ok,
small,qr,c64,16,16,1024,lapack-openblas,8,7.655227,7.475808,ok,
small,rank_revealing_qr,c64,4,4,1,faer-1lane,8,0.001252,1.252000,ok,
small,rank_revealing_qr,c64,4,4,1,faer-pool,8,0.004438,4.438000,ok,
small,rank_revealing_qr,c64,4,4,1,lapack-openblas,8,0.001553,1.553000,ok,
small,rank_revealing_qr,c64,4,4,64,faer-1lane,8,0.054294,0.848344,ok,
small,rank_revealing_qr,c64,4,4,64,faer-pool,8,0.015650,0.244531,ok,
small,rank_revealing_qr,c64,4,4,64,lapack-openblas,8,0.066958,1.046219,ok,
small,rank_revealing_qr,c64,4,4,1024,faer-1lane,8,0.870987,0.850573,ok,
small,rank_revealing_qr,c64,4,4,1024,faer-pool,8,0.219898,0.214744,ok,
small,rank_revealing_qr,c64,4,4,1024,lapack-openblas,8,1.074043,1.048870,ok,
small,rank_revealing_qr,c64,8,8,1,faer-1lane,8,0.002415,2.415000,ok,
small,rank_revealing_qr,c64,8,8,1,faer-pool,8,0.005510,5.510000,ok,
small,rank_revealing_qr,c64,8,8,1,lapack-openblas,8,0.003276,3.276000,ok,
small,rank_revealing_qr,c64,8,8,64,faer-1lane,8,0.134606,2.103219,ok,
small,rank_revealing_qr,c64,8,8,64,faer-pool,8,0.039034,0.609906,ok,
small,rank_revealing_qr,c64,8,8,64,lapack-openblas,8,0.185683,2.901297,ok,
small,rank_revealing_qr,c64,8,8,1024,faer-1lane,8,2.136064,2.086000,ok,
small,rank_revealing_qr,c64,8,8,1024,faer-pool,8,0.542402,0.529689,ok,
small,rank_revealing_qr,c64,8,8,1024,lapack-openblas,8,2.967265,2.897720,ok,
small,rank_revealing_qr,c64,16,16,1,faer-1lane,8,0.007394,7.394000,ok,
small,rank_revealing_qr,c64,16,16,1,faer-pool,8,0.010360,10.360000,ok,
small,rank_revealing_qr,c64,16,16,1,lapack-openblas,8,0.009849,9.849000,ok,
small,rank_revealing_qr,c64,16,16,64,faer-1lane,8,0.435869,6.810453,ok,
small,rank_revealing_qr,c64,16,16,64,faer-pool,8,0.063921,0.998766,ok,
small,rank_revealing_qr,c64,16,16,64,lapack-openblas,8,0.615862,9.622844,ok,
small,rank_revealing_qr,c64,16,16,1024,faer-1lane,8,7.146624,6.979125,ok,
small,rank_revealing_qr,c64,16,16,1024,faer-pool,8,1.189482,1.161604,ok,
small,rank_revealing_qr,c64,16,16,1024,lapack-openblas,8,10.099189,9.862489,ok,
small,svd_thin,c64,4,4,1,faer-1lane,8,0.003126,3.126000,ok,
small,svd_thin,c64,4,4,1,faer-pool,8,0.006112,6.112000,ok,
small,svd_thin,c64,4,4,1,lapack-openblas,8,0.005992,5.992000,ok,
small,svd_thin,c64,4,4,64,faer-1lane,8,0.190632,2.978625,ok,
small,svd_thin,c64,4,4,64,faer-pool,8,0.052580,0.821562,ok,
small,svd_thin,c64,4,4,64,lapack-openblas,8,0.322583,5.040359,ok,
small,svd_thin,c64,4,4,1024,faer-1lane,8,3.043358,2.972029,ok,
small,svd_thin,c64,4,4,1024,faer-pool,8,0.386145,0.377095,ok,
small,svd_thin,c64,4,4,1024,lapack-openblas,8,5.055003,4.936526,ok,
small,svd_thin,c64,8,8,1,faer-1lane,8,0.009759,9.759000,ok,
small,svd_thin,c64,8,8,1,faer-pool,8,0.012153,12.153000,ok,
small,svd_thin,c64,8,8,1,lapack-openblas,8,0.016031,16.031000,ok,
small,svd_thin,c64,8,8,64,faer-1lane,8,0.630990,9.859219,ok,
small,svd_thin,c64,8,8,64,faer-pool,8,0.164573,2.571453,ok,
small,svd_thin,c64,8,8,64,lapack-openblas,8,1.002556,15.664938,ok,
small,svd_thin,c64,8,8,1024,faer-1lane,8,10.133509,9.896005,ok,
small,svd_thin,c64,8,8,1024,faer-pool,8,1.298269,1.267841,ok,
small,svd_thin,c64,8,8,1024,lapack-openblas,8,16.185886,15.806529,ok,
small,svd_thin,c64,16,16,1,faer-1lane,8,0.035067,35.067000,ok,
small,svd_thin,c64,16,16,1,faer-pool,8,0.037902,37.902000,ok,
small,svd_thin,c64,16,16,1,lapack-openblas,8,0.059523,59.523000,ok,
small,svd_thin,c64,16,16,64,faer-1lane,8,2.253935,35.217734,ok,
small,svd_thin,c64,16,16,64,faer-pool,8,0.566627,8.853547,ok,
small,svd_thin,c64,16,16,64,lapack-openblas,8,3.737175,58.393359,ok,
small,svd_thin,c64,16,16,1024,faer-1lane,8,36.627124,35.768676,ok,
small,svd_thin,c64,16,16,1024,faer-pool,8,8.350315,8.154604,ok,
small,svd_thin,c64,16,16,1024,lapack-openblas,8,64.769910,63.251865,ok,
small,eigh,c64,4,4,1,faer-1lane,8,0.001993,1.993000,ok,
small,eigh,c64,4,4,1,faer-pool,8,0.005520,5.520000,ok,
small,eigh,c64,4,4,1,lapack-openblas,8,0.002414,2.414000,ok,
small,eigh,c64,4,4,64,faer-1lane,8,0.108446,1.694469,ok,
small,eigh,c64,4,4,64,faer-pool,8,0.031831,0.497359,ok,
small,eigh,c64,4,4,64,lapack-openblas,8,0.136669,2.135453,ok,
small,eigh,c64,4,4,1024,faer-1lane,8,1.749285,1.708286,ok,
small,eigh,c64,4,4,1024,faer-pool,8,0.225228,0.219949,ok,
small,eigh,c64,4,4,1024,lapack-openblas,8,2.180856,2.129742,ok,
small,eigh,c64,8,8,1,faer-1lane,8,0.005851,5.851000,ok,
small,eigh,c64,8,8,1,faer-pool,8,0.008325,8.325000,ok,
small,eigh,c64,8,8,1,lapack-openblas,8,0.007404,7.404000,ok,
small,eigh,c64,8,8,64,faer-1lane,8,0.345366,5.396344,ok,
small,eigh,c64,8,8,64,faer-pool,8,0.047811,0.747047,ok,
small,eigh,c64,8,8,64,lapack-openblas,8,0.464834,7.263031,ok,
small,eigh,c64,8,8,1024,faer-1lane,8,5.494582,5.365803,ok,
small,eigh,c64,8,8,1024,faer-pool,8,1.383800,1.351367,ok,
small,eigh,c64,8,8,1024,lapack-openblas,8,7.476288,7.301063,ok,
small,eigh,c64,16,16,1,faer-1lane,8,0.018364,18.364000,ok,
small,eigh,c64,16,16,1,faer-pool,8,0.021200,21.200000,ok,
small,eigh,c64,16,16,1,lapack-openblas,8,0.026560,26.560000,ok,
small,eigh,c64,16,16,64,faer-1lane,8,1.205671,18.838609,ok,
small,eigh,c64,16,16,64,faer-pool,8,0.307775,4.808984,ok,
small,eigh,c64,16,16,64,lapack-openblas,8,1.700431,26.569234,ok,
small,eigh,c64,16,16,1024,faer-1lane,8,19.528650,19.070947,ok,
small,eigh,c64,16,16,1024,faer-pool,8,2.439866,2.382682,ok,
small,eigh,c64,16,16,1024,lapack-openblas,8,27.264359,26.625351,ok,
small,eigvalsh,c64,4,4,1,faer-1lane,8,0.002224,2.224000,ok,
small,eigvalsh,c64,4,4,1,faer-pool,8,0.005691,5.691000,ok,
small,eigvalsh,c64,4,4,1,lapack-openblas,8,0.001663,1.663000,ok,
small,eigvalsh,c64,4,4,64,faer-1lane,8,0.117553,1.836766,ok,
small,eigvalsh,c64,4,4,64,faer-pool,8,0.057760,0.902500,ok,
small,eigvalsh,c64,4,4,64,lapack-openblas,8,0.080403,1.256297,ok,
small,eigvalsh,c64,4,4,1024,faer-1lane,8,1.897074,1.852611,ok,
small,eigvalsh,c64,4,4,1024,faer-pool,8,0.841279,0.821562,ok,
small,eigvalsh,c64,4,4,1024,lapack-openblas,8,1.292816,1.262516,ok,
small,eigvalsh,c64,8,8,1,faer-1lane,8,0.006393,6.393000,ok,
small,eigvalsh,c64,8,8,1,faer-pool,8,0.009178,9.178000,ok,
small,eigvalsh,c64,8,8,1,lapack-openblas,8,0.004088,4.088000,ok,
small,eigvalsh,c64,8,8,64,faer-1lane,8,0.369171,5.768297,ok,
small,eigvalsh,c64,8,8,64,faer-pool,8,0.181896,2.842125,ok,
small,eigvalsh,c64,8,8,64,lapack-openblas,8,0.232301,3.629703,ok,
small,eigvalsh,c64,8,8,1024,faer-1lane,8,5.913875,5.775269,ok,
small,eigvalsh,c64,8,8,1024,faer-pool,8,2.720669,2.656903,ok,
small,eigvalsh,c64,8,8,1024,lapack-openblas,8,3.713304,3.626273,ok,
small,eigvalsh,c64,16,16,1,faer-1lane,8,0.020920,20.920000,ok,
small,eigvalsh,c64,16,16,1,faer-pool,8,0.024356,24.356000,ok,
small,eigvalsh,c64,16,16,1,lapack-openblas,8,0.011813,11.813000,ok,
small,eigvalsh,c64,16,16,64,faer-1lane,8,1.344835,21.013047,ok,
small,eigvalsh,c64,16,16,64,faer-pool,8,0.580172,9.065188,ok,
small,eigvalsh,c64,16,16,64,lapack-openblas,8,0.724166,11.315094,ok,
small,eigvalsh,c64,16,16,1024,faer-1lane,8,23.418211,22.869347,ok,
small,eigvalsh,c64,16,16,1024,faer-pool,8,11.833165,11.555825,ok,
small,eigvalsh,c64,16,16,1024,lapack-openblas,8,11.642964,11.370082,ok,
small,householder_factor,c64,4,4,1,faer-1lane,8,0.000431,0.431000,ok,
small,householder_factor,c64,4,4,1,faer-pool,8,0.003597,3.597000,ok,
small,householder_factor,c64,4,4,1,lapack-openblas,8,0.000721,0.721000,ok,
small,householder_factor,c64,4,4,64,faer-1lane,8,0.020188,0.315438,ok,
small,householder_factor,c64,4,4,64,faer-pool,8,0.011161,0.174391,ok,
small,householder_factor,c64,4,4,64,lapack-openblas,8,0.034696,0.542125,ok,
small,householder_factor,c64,4,4,1024,faer-1lane,8,0.327131,0.319464,ok,
small,householder_factor,c64,4,4,1024,faer-pool,8,0.087827,0.085769,ok,
small,householder_factor,c64,4,4,1024,lapack-openblas,8,0.550776,0.537867,ok,
small,householder_factor,c64,8,8,1,faer-1lane,8,0.000922,0.922000,ok,
small,householder_factor,c64,8,8,1,faer-pool,8,0.003045,3.045000,ok,
small,householder_factor,c64,8,8,1,lapack-openblas,8,0.001603,1.603000,ok,
small,householder_factor,c64,8,8,64,faer-1lane,8,0.053151,0.830484,ok,
small,householder_factor,c64,8,8,64,faer-pool,8,0.016341,0.255328,ok,
small,householder_factor,c64,8,8,64,lapack-openblas,8,0.088738,1.386531,ok,
small,householder_factor,c64,8,8,1024,faer-1lane,8,0.845987,0.826159,ok,
small,householder_factor,c64,8,8,1024,faer-pool,8,0.223685,0.218442,ok,
small,householder_factor,c64,8,8,1024,lapack-openblas,8,1.421379,1.388065,ok,
small,householder_factor,c64,16,16,1,faer-1lane,8,0.002745,2.745000,ok,
small,householder_factor,c64,16,16,1,faer-pool,8,0.005590,5.590000,ok,
small,householder_factor,c64,16,16,1,lapack-openblas,8,0.004469,4.469000,ok,
small,householder_factor,c64,16,16,64,faer-1lane,8,0.165314,2.583031,ok,
small,householder_factor,c64,16,16,64,faer-pool,8,0.045997,0.718703,ok,
small,householder_factor,c64,16,16,64,lapack-openblas,8,0.276645,4.322578,ok,
small,householder_factor,c64,16,16,1024,faer-1lane,8,2.707059,2.643612,ok,
small,householder_factor,c64,16,16,1024,faer-pool,8,0.672517,0.656755,ok,
small,householder_factor,c64,16,16,1024,lapack-openblas,8,4.456530,4.352080,ok,
small,householder_apply,c64,4,4,1,faer-1lane,8,0.000281,0.281000,ok,
small,householder_apply,c64,4,4,1,faer-pool,8,0.002154,2.154000,ok,
small,householder_apply,c64,4,4,1,lapack-openblas,8,0.000821,0.821000,ok,
small,householder_apply,c64,4,4,64,faer-1lane,8,0.011151,0.174234,ok,
small,householder_apply,c64,4,4,64,faer-pool,8,0.005049,0.078891,ok,
small,householder_apply,c64,4,4,64,lapack-openblas,8,0.017022,0.265969,ok,
small,householder_apply,c64,4,4,1024,faer-1lane,8,0.175623,0.171507,ok,
small,householder_apply,c64,4,4,1024,faer-pool,8,0.034445,0.033638,ok,
small,householder_apply,c64,4,4,1024,lapack-openblas,8,0.262217,0.256071,ok,
small,householder_apply,c64,8,8,1,faer-1lane,8,0.000691,0.691000,ok,
small,householder_apply,c64,8,8,1,faer-pool,8,0.004017,4.017000,ok,
small,householder_apply,c64,8,8,1,lapack-openblas,8,0.001563,1.563000,ok,
small,householder_apply,c64,8,8,64,faer-1lane,8,0.038052,0.594562,ok,
small,householder_apply,c64,8,8,64,faer-pool,8,0.012153,0.189891,ok,
small,householder_apply,c64,8,8,64,lapack-openblas,8,0.054804,0.856313,ok,
small,householder_apply,c64,8,8,1024,faer-1lane,8,0.615949,0.601513,ok,
small,householder_apply,c64,8,8,1024,faer-pool,8,0.157709,0.154013,ok,
small,householder_apply,c64,8,8,1024,lapack-openblas,8,0.886363,0.865589,ok,
small,householder_apply,c64,16,16,1,faer-1lane,8,0.002574,2.574000,ok,
small,householder_apply,c64,16,16,1,faer-pool,8,0.005310,5.310000,ok,
small,householder_apply,c64,16,16,1,lapack-openblas,8,0.004648,4.648000,ok,
small,householder_apply,c64,16,16,64,faer-1lane,8,0.163410,2.553281,ok,
small,householder_apply,c64,16,16,64,faer-pool,8,0.028564,0.446313,ok,
small,householder_apply,c64,16,16,64,lapack-openblas,8,0.251107,3.923547,ok,
small,householder_apply,c64,16,16,1024,faer-1lane,8,3.383952,3.304641,ok,
small,householder_apply,c64,16,16,1024,faer-pool,8,0.396833,0.387532,ok,
small,householder_apply,c64,16,16,1024,lapack-openblas,8,4.615238,4.507068,ok,
small,svd_full,c64,4,4,1,faer-1lane,8,0.003116,3.116000,ok,
small,svd_full,c64,4,4,1,faer-pool,8,0.006122,6.122000,ok,
small,svd_full,c64,4,4,1,lapack-openblas,8,0.006051,6.051000,ok,
small,svd_full,c64,4,4,64,faer-1lane,8,0.189931,2.967672,ok,
small,svd_full,c64,4,4,64,faer-pool,8,0.032532,0.508312,ok,
small,svd_full,c64,4,4,64,lapack-openblas,8,0.318684,4.979438,ok,
small,svd_full,c64,4,4,1024,faer-1lane,8,3.041020,2.969746,ok,
small,svd_full,c64,4,4,1024,faer-pool,8,0.394078,0.384842,ok,
small,svd_full,c64,4,4,1024,lapack-openblas,8,5.072235,4.953354,ok,
small,svd_full,c64,8,8,1,faer-1lane,8,0.009799,9.799000,ok,
small,svd_full,c64,8,8,1,faer-pool,8,0.012173,12.173000,ok,
small,svd_full,c64,8,8,1,lapack-openblas,8,0.016010,16.010000,ok,
small,svd_full,c64,8,8,64,faer-1lane,8,0.631899,9.873422,ok,
small,svd_full,c64,8,8,64,faer-pool,8,0.084280,1.316875,ok,
small,svd_full,c64,8,8,64,lapack-openblas,8,1.003364,15.677563,ok,
small,svd_full,c64,8,8,1024,faer-1lane,8,10.147673,9.909837,ok,
small,svd_full,c64,8,8,1024,faer-pool,8,2.579163,2.518714,ok,
small,svd_full,c64,8,8,1024,lapack-openblas,8,16.003933,15.628841,ok,
small,svd_full,c64,16,16,1,faer-1lane,8,0.035036,35.036000,ok,
small,svd_full,c64,16,16,1,faer-pool,8,0.037851,37.851000,ok,
small,svd_full,c64,16,16,1,lapack-openblas,8,0.058892,58.892000,ok,
small,svd_full,c64,16,16,64,faer-1lane,8,2.259467,35.304172,ok,
small,svd_full,c64,16,16,64,faer-pool,8,0.567777,8.871516,ok,
small,svd_full,c64,16,16,64,lapack-openblas,8,3.738753,58.418016,ok,
small,svd_full,c64,16,16,1024,faer-1lane,8,36.620139,35.761854,ok,
small,svd_full,c64,16,16,1024,faer-pool,8,7.579498,7.401854,ok,
small,svd_full,c64,16,16,1024,lapack-openblas,8,64.447773,62.937278,ok,
small,eig,c64,4,4,1,faer-1lane,8,0.006252,6.252000,ok,
small,eig,c64,4,4,1,faer-pool,8,0.010199,10.199000,ok,
small,eig,c64,4,4,1,lapack-openblas,8,0.008947,8.947000,ok,
small,eig,c64,4,4,64,faer-1lane,8,0.381293,5.957703,ok,
small,eig,c64,4,4,64,faer-pool,8,0.077767,1.215109,ok,
small,eig,c64,4,4,64,lapack-openblas,8,0.519605,8.118828,ok,
small,eig,c64,4,4,1024,faer-1lane,8,6.050867,5.909050,ok,
small,eig,c64,4,4,1024,faer-pool,8,2.146481,2.096173,ok,
small,eig,c64,4,4,1024,lapack-openblas,8,8.293781,8.099396,ok,
small,eig,c64,8,8,1,faer-1lane,8,0.020950,20.950000,ok,
small,eig,c64,8,8,1,faer-pool,8,0.024417,24.417000,ok,
small,eig,c64,8,8,1,lapack-openblas,8,0.027643,27.643000,ok,
small,eig,c64,8,8,64,faer-1lane,8,1.341925,20.967578,ok,
small,eig,c64,8,8,64,faer-pool,8,0.402533,6.289578,ok,
small,eig,c64,8,8,64,lapack-openblas,8,1.831744,28.621000,ok,
small,eig,c64,8,8,1024,faer-1lane,8,21.489224,20.985570,ok,
small,eig,c64,8,8,1024,faer-pool,8,4.420494,4.316889,ok,
small,eig,c64,8,8,1024,lapack-openblas,8,29.342717,28.654997,ok,
small,eig,c64,16,16,1,faer-1lane,8,0.075113,75.113000,ok,
small,eig,c64,16,16,1,faer-pool,8,0.081234,81.234000,ok,
small,eig,c64,16,16,1,lapack-openblas,8,0.105511,105.511000,ok,
small,eig,c64,16,16,64,faer-1lane,8,4.944407,77.256359,ok,
small,eig,c64,16,16,64,faer-pool,8,1.457534,22.773969,ok,
small,eig,c64,16,16,64,lapack-openblas,8,7.737151,120.892984,ok,
small,eig,c64,16,16,1024,faer-1lane,8,81.323809,79.417782,ok,
small,eig,c64,16,16,1024,faer-pool,8,14.822135,14.474741,ok,
small,eig,c64,16,16,1024,lapack-openblas,8,126.292826,123.332838,ok,
small,eigvals,c64,4,4,1,faer-1lane,8,0.003436,3.436000,ok,
small,eigvals,c64,4,4,1,faer-pool,8,0.006422,6.422000,ok,
small,eigvals,c64,4,4,1,lapack-openblas,8,0.007194,7.194000,ok,
small,eigvals,c64,4,4,64,faer-1lane,8,0.197674,3.088656,ok,
small,eigvals,c64,4,4,64,faer-pool,8,0.075143,1.174109,ok,
small,eigvals,c64,4,4,64,lapack-openblas,8,0.400198,6.253094,ok,
small,eigvals,c64,4,4,1024,faer-1lane,8,3.144141,3.070450,ok,
small,eigvals,c64,4,4,1024,faer-pool,8,0.732378,0.715213,ok,
small,eigvals,c64,4,4,1024,lapack-openblas,8,6.404342,6.254240,ok,
small,eigvals,c64,8,8,1,faer-1lane,8,0.012815,12.815000,ok,
small,eigvals,c64,8,8,1,faer-pool,8,0.015750,15.750000,ok,
small,eigvals,c64,8,8,1,lapack-openblas,8,0.022753,22.753000,ok,
small,eigvals,c64,8,8,64,faer-1lane,8,0.810807,12.668859,ok,
small,eigvals,c64,8,8,64,faer-pool,8,0.268870,4.201094,ok,
small,eigvals,c64,8,8,64,lapack-openblas,8,1.457523,22.773797,ok,
small,eigvals,c64,8,8,1024,faer-1lane,8,12.963104,12.659281,ok,
small,eigvals,c64,8,8,1024,faer-pool,8,2.951925,2.882739,ok,
small,eigvals,c64,8,8,1024,lapack-openblas,8,23.550573,22.998606,ok,
small,eigvals,c64,16,16,1,faer-1lane,8,0.047269,47.269000,ok,
small,eigvals,c64,16,16,1,faer-pool,8,0.050386,50.386000,ok,
small,eigvals,c64,16,16,1,lapack-openblas,8,0.078930,78.930000,ok,
small,eigvals,c64,16,16,64,faer-1lane,8,3.137748,49.027313,ok,
small,eigvals,c64,16,16,64,faer-pool,8,0.988714,15.448656,ok,
small,eigvals,c64,16,16,64,lapack-openblas,8,5.876398,91.818719,ok,
small,eigvals,c64,16,16,1024,faer-1lane,8,52.519417,51.288493,ok,
small,eigvals,c64,16,16,1024,faer-pool,8,12.073143,11.790179,ok,
small,eigvals,c64,16,16,1024,lapack-openblas,8,95.796937,93.551696,ok,
small,full_piv_lu,c64,4,4,1,faer-1lane,8,0.000641,0.641000,ok,
small,full_piv_lu,c64,4,4,1,faer-pool,8,0.002625,2.625000,ok,
small,full_piv_lu,c64,4,4,1,lapack-openblas,8,0.000642,0.642000,ok,
small,full_piv_lu,c64,4,4,64,faer-1lane,8,0.016541,0.258453,ok,
small,full_piv_lu,c64,4,4,64,faer-pool,8,0.011141,0.174078,ok,
small,full_piv_lu,c64,4,4,64,lapack-openblas,8,0.033563,0.524422,ok,
small,full_piv_lu,c64,4,4,1024,faer-1lane,8,0.262678,0.256521,ok,
small,full_piv_lu,c64,4,4,1024,faer-pool,8,0.072067,0.070378,ok,
small,full_piv_lu,c64,4,4,1024,lapack-openblas,8,0.533350,0.520850,ok,
small,full_piv_lu,c64,8,8,1,faer-1lane,8,0.001172,1.172000,ok,
small,full_piv_lu,c64,8,8,1,faer-pool,8,0.004669,4.669000,ok,
small,full_piv_lu,c64,8,8,1,lapack-openblas,8,0.002244,2.244000,ok,
small,full_piv_lu,c64,8,8,64,faer-1lane,8,0.048001,0.750016,ok,
small,full_piv_lu,c64,8,8,64,faer-pool,8,0.015219,0.237797,ok,
small,full_piv_lu,c64,8,8,64,lapack-openblas,8,0.144875,2.263672,ok,
small,full_piv_lu,c64,8,8,1024,faer-1lane,8,0.772554,0.754447,ok,
small,full_piv_lu,c64,8,8,1024,faer-pool,8,0.186804,0.182426,ok,
small,full_piv_lu,c64,8,8,1024,lapack-openblas,8,2.270322,2.217111,ok,
small,full_piv_lu,c64,16,16,1,faer-1lane,8,0.002926,2.926000,ok,
small,full_piv_lu,c64,16,16,1,faer-pool,8,0.006092,6.092000,ok,
small,full_piv_lu,c64,16,16,1,lapack-openblas,8,0.011762,11.762000,ok,
small,full_piv_lu,c64,16,16,64,faer-1lane,8,0.147970,2.312031,ok,
small,full_piv_lu,c64,16,16,64,faer-pool,8,0.043753,0.683641,ok,
small,full_piv_lu,c64,16,16,64,lapack-openblas,8,1.217958,19.030594,ok,
small,full_piv_lu,c64,16,16,1024,faer-1lane,8,2.774557,2.709528,ok,
small,full_piv_lu,c64,16,16,1024,faer-pool,8,0.419344,0.409516,ok,
small,full_piv_lu,c64,16,16,1024,lapack-openblas,8,20.241329,19.766923,ok,
small,full_piv_lu_solve,c64,4,4,1,faer-1lane,8,0.000902,0.902000,ok,
small,full_piv_lu_solve,c64,4,4,1,faer-pool,8,0.004588,4.588000,ok,
small,full_piv_lu_solve,c64,4,4,1,lapack-openblas,8,0.001423,1.423000,ok,
small,full_piv_lu_solve,c64,4,4,64,faer-1lane,8,0.028103,0.439109,ok,
small,full_piv_lu_solve,c64,4,4,64,faer-pool,8,0.012674,0.198031,ok,
small,full_piv_lu_solve,c64,4,4,64,lapack-openblas,8,0.080142,1.252219,ok,
small,full_piv_lu_solve,c64,4,4,1024,faer-1lane,8,0.445614,0.435170,ok,
small,full_piv_lu_solve,c64,4,4,1024,faer-pool,8,0.117944,0.115180,ok,
small,full_piv_lu_solve,c64,4,4,1024,lapack-openblas,8,1.302437,1.271911,ok,
small,full_piv_lu_solve,c64,8,8,1,faer-1lane,8,0.001553,1.553000,ok,
small,full_piv_lu_solve,c64,8,8,1,faer-pool,8,0.004118,4.118000,ok,
small,full_piv_lu_solve,c64,8,8,1,lapack-openblas,8,0.003697,3.697000,ok,
small,full_piv_lu_solve,c64,8,8,64,faer-1lane,8,0.069762,1.090031,ok,
small,full_piv_lu_solve,c64,8,8,64,faer-pool,8,0.017673,0.276141,ok,
small,full_piv_lu_solve,c64,8,8,64,lapack-openblas,8,0.229505,3.586016,ok,
small,full_piv_lu_solve,c64,8,8,1024,faer-1lane,8,1.120222,1.093967,ok,
small,full_piv_lu_solve,c64,8,8,1024,faer-pool,8,0.287064,0.280336,ok,
small,full_piv_lu_solve,c64,8,8,1024,lapack-openblas,8,3.687715,3.601284,ok,
small,full_piv_lu_solve,c64,16,16,1,faer-1lane,8,0.003577,3.577000,ok,
small,full_piv_lu_solve,c64,16,16,1,faer-pool,8,0.006072,6.072000,ok,
small,full_piv_lu_solve,c64,16,16,1,lapack-openblas,8,0.015299,15.299000,ok,
small,full_piv_lu_solve,c64,16,16,64,faer-1lane,8,0.188828,2.950438,ok,
small,full_piv_lu_solve,c64,16,16,64,faer-pool,8,0.053361,0.833766,ok,
small,full_piv_lu_solve,c64,16,16,64,lapack-openblas,8,1.413317,22.083078,ok,
small,full_piv_lu_solve,c64,16,16,1024,faer-1lane,8,3.054135,2.982554,ok,
small,full_piv_lu_solve,c64,16,16,1024,faer-pool,8,0.769788,0.751746,ok,
small,full_piv_lu_solve,c64,16,16,1024,lapack-openblas,8,22.617687,22.087585,ok,
